# Blender 4.4.0
# www.blender.org
mtllib Banco.mtl
o BancoPatas
v -0.986292 0.542228 -0.105782
v -0.915580 0.542228 -0.105782
v -0.986292 0.529400 -0.104344
v -0.915580 0.529400 -0.104344
v -0.986292 0.517065 -0.102746
v -0.915580 0.517065 -0.102746
v -0.986292 0.505697 -0.099475
v -0.915580 0.505697 -0.099475
v -0.986292 0.495733 -0.095192
v -0.915580 0.495733 -0.095192
v -0.986292 0.487556 -0.083852
v -0.915580 0.487556 -0.083852
v -0.986292 0.481480 -0.070914
v -0.915580 0.481480 -0.070914
v -0.986292 0.477738 -0.056875
v -0.915580 0.477738 -0.056875
v -0.986292 0.537711 -0.141283
v -0.915580 0.537711 -0.141283
v -0.986292 0.521104 -0.140847
v -0.915580 0.521104 -0.140847
v -0.986292 0.507142 -0.139085
v -0.915580 0.507142 -0.139085
v -0.986292 0.489320 -0.126024
v -0.915580 0.489320 -0.126024
v -0.986292 0.474176 -0.111439
v -0.915580 0.474176 -0.111439
v -0.986292 0.466616 -0.096512
v -0.915580 0.466616 -0.096512
v -0.986292 0.463067 -0.077907
v -0.915580 0.463067 -0.077907
v -0.986292 0.461323 -0.057557
v -0.915580 0.461323 -0.057557
v -0.915580 0.850770 -0.208325
v -0.915580 0.863101 -0.212292
v -0.986292 0.863101 -0.212292
v -0.986292 0.850770 -0.208325
v -0.986292 0.863101 -0.225230
v -0.986292 0.850770 -0.221263
v -0.915580 0.850770 -0.221263
v -0.915580 0.863101 -0.225230
v -0.986292 0.911151 -0.263451
v -0.915580 0.911151 -0.263451
v -0.986292 0.845307 -0.180165
v -0.915580 0.845307 -0.180165
v -0.986292 0.859681 -0.184437
v -0.915580 0.859681 -0.184437
v -0.986292 0.872016 -0.188695
v -0.915580 0.872016 -0.188695
v -0.986292 0.883383 -0.195611
v -0.915580 0.883383 -0.195611
v -0.986292 0.893347 -0.204918
v -0.915580 0.893347 -0.204918
v -0.986292 0.901525 -0.216258
v -0.915580 0.901525 -0.216258
v -0.986292 0.907601 -0.229196
v -0.915580 0.907601 -0.229196
v -0.986292 0.911343 -0.243234
v -0.915580 0.911343 -0.243234
v -0.986292 0.929144 -0.257834
v -0.915580 0.929144 -0.257834
v -0.986292 0.848398 -0.163319
v -0.915580 0.848398 -0.163319
v -0.986292 0.862907 -0.165976
v -0.915580 0.862907 -0.165976
v -0.986292 0.878344 -0.171306
v -0.915580 0.878344 -0.171306
v -0.986292 0.892571 -0.179961
v -0.915580 0.892571 -0.179961
v -0.986292 0.905041 -0.191608
v -0.915580 0.905041 -0.191608
v -0.986292 0.915275 -0.205801
v -0.915580 0.915275 -0.205801
v -0.986292 0.922880 -0.221993
v -0.915580 0.922880 -0.221993
v -0.986292 0.927563 -0.239562
v -0.915580 0.927563 -0.239562
v -0.986292 0.691476 -0.115901
v -0.915580 0.691476 -0.115901
v -0.986292 0.677163 -0.111254
v -0.915580 0.677163 -0.111254
v -0.986292 0.664828 -0.106995
v -0.915580 0.664828 -0.106995
v -0.986292 0.653460 -0.100079
v -0.915580 0.653460 -0.100079
v -0.986292 0.643496 -0.090773
v -0.915580 0.643496 -0.090773
v -0.986292 0.635319 -0.079432
v -0.915580 0.635319 -0.079432
v -0.986292 0.629243 -0.066494
v -0.915580 0.629243 -0.066494
v -0.986292 0.625501 -0.052456
v -0.915580 0.625501 -0.052456
v -0.986292 0.624238 -0.037856
v -0.915580 0.624238 -0.037856
v -0.986292 0.688506 -0.134417
v -0.986292 0.673937 -0.129714
v -0.915580 0.688506 -0.134417
v -0.986292 0.658499 -0.124384
v -0.915580 0.658499 -0.124384
v -0.986292 0.625450 -0.106409
v -0.915580 0.625450 -0.106409
v -0.986292 0.598989 -0.089111
v -0.915580 0.598989 -0.089111
v -0.986292 0.605154 -0.073647
v -0.915580 0.605154 -0.073647
v -0.986292 0.607882 -0.056229
v -0.915580 0.607882 -0.056229
v -0.986292 0.607700 -0.037856
v -0.915580 0.607700 -0.037856
v -0.986292 0.542260 0.354801
v -0.986292 0.555088 0.353364
v -0.915580 0.555088 0.353364
v -0.986292 0.567423 0.349105
v -0.915580 0.567423 0.349105
v -0.986292 0.578791 0.342189
v -0.915580 0.578791 0.342189
v -0.986292 0.588755 0.332883
v -0.915580 0.588755 0.332883
v -0.986292 0.596932 0.321543
v -0.915580 0.596932 0.321543
v -0.986292 0.603008 0.308604
v -0.915580 0.603008 0.308604
v -0.986292 0.606750 0.294566
v -0.915580 0.606750 0.294566
v -0.986292 0.608013 0.279966
v -0.915580 0.608013 0.279966
v -0.915580 0.542260 0.373624
v -0.986292 0.558314 0.371824
v -0.915580 0.558314 0.371824
v -0.986292 0.573752 0.366494
v -0.915580 0.573752 0.366494
v -0.986292 0.587979 0.357840
v -0.915580 0.587979 0.357839
v -0.986292 0.600449 0.346192
v -0.915580 0.600449 0.346192
v -0.986292 0.610683 0.331999
v -0.915580 0.610683 0.331999
v -0.986292 0.618287 0.315807
v -0.915580 0.618287 0.315807
v -0.986292 0.622970 0.298238
v -0.915580 0.622970 0.298238
v -0.986292 0.624551 0.279966
v -0.915580 0.624551 0.279966
v -0.915580 0.542260 0.354801
v -0.986292 0.542260 0.373624
v -0.986292 0.509344 0.354801
v -0.915580 0.509344 0.354801
v -0.986292 0.509344 0.373624
v -0.915580 0.509344 0.373624
v -0.986292 0.476427 0.354801
v -0.915580 0.476427 0.354801
v -0.986292 0.476427 0.373624
v -0.915580 0.476427 0.373624
v -0.986292 0.459969 0.354801
v -0.915580 0.459969 0.354801
v -0.986292 0.459969 0.373624
v -0.915580 0.459969 0.373624
v -0.986292 0.476427 -0.042230
v -0.915580 0.476427 -0.042230
v -0.986292 0.459969 -0.036717
v -0.915580 0.459969 -0.036717
v -0.915580 0.539032 0.384216
v -0.986292 0.539032 0.384216
v -0.915580 0.509344 0.401199
v -0.986292 0.509344 0.401199
v -0.915580 0.479656 0.384216
v -0.986292 0.479656 0.384216
v -0.915580 0.492886 0.354801
v -0.915580 0.492886 0.373624
v -0.986292 0.492886 0.373624
v -0.986292 0.492886 0.354801
v -0.915580 0.492885 0.396296
v -0.986292 0.492886 0.396296
v -0.986292 0.525802 0.354801
v -0.915580 0.525802 0.354801
v -0.986292 0.525802 0.373624
v -0.915580 0.525802 0.373624
v -0.986292 0.525802 0.396296
v -0.915580 0.525802 0.396296
v -0.986292 0.580837 -0.102505
v -0.915580 0.580837 -0.102505
v -0.986292 0.605258 -0.126940
v -0.915580 0.605258 -0.126940
v -0.986292 0.875432 -0.229196
v -0.986292 0.879174 -0.243234
v -0.915580 0.879174 -0.243234
v -0.915580 0.875432 -0.229196
v -0.986292 0.889426 -0.257494
v -0.915580 0.889426 -0.257494
v -0.986292 0.875432 -0.216258
v -0.915580 0.838439 -0.217297
v -0.915580 0.875432 -0.216258
v -0.986292 0.838439 -0.204359
v -0.915580 0.838439 -0.204359
v -0.986292 0.683313 -0.158612
v -0.915580 0.683313 -0.158612
v -0.986292 0.838439 -0.217297
v -0.986292 0.681637 -0.171550
v -0.915580 0.681637 -0.171550
v -0.915580 0.673937 -0.129714
v -0.986292 0.668697 -0.153961
v -0.915580 0.668697 -0.153961
v -0.986292 0.667068 -0.166846
v -0.915580 0.667068 -0.166846
v -0.986292 0.651631 -0.148578
v -0.915580 0.651631 -0.148578
v -0.986292 0.647754 -0.160319
v -0.915580 0.647754 -0.160319
v -0.986292 0.644272 -0.115729
v -0.915580 0.644272 -0.115729
v -0.986292 0.632799 -0.140406
v -0.915580 0.632799 -0.140406
v -0.986292 0.627601 -0.154923
v -0.915580 0.627601 -0.154923
v -0.915580 0.412258 -0.146008
v -0.986292 0.412258 -0.146008
v -0.986292 0.412258 -0.133052
v -0.915580 0.412258 -0.133052
v -0.986292 0.412258 -0.114866
v -0.915580 0.412258 -0.114866
v -0.986292 0.412258 -0.099146
v -0.915580 0.412258 -0.099146
v -0.986292 0.412258 -0.077069
v -0.915580 0.412258 -0.077069
v -0.986292 0.412258 -0.050017
v -0.915580 0.412258 -0.050017
v -0.915580 0.412258 0.376922
v -0.986292 0.412258 0.376922
v -0.986292 0.412258 0.358100
v -0.915580 0.412258 0.358100
v -0.986292 0.412258 -0.021236
v -0.915580 0.412258 -0.021236
v -0.915580 0.360231 -0.156445
v -0.986292 0.360231 -0.156445
v -0.986292 0.360231 -0.143133
v -0.915580 0.360231 -0.143133
v -0.986292 0.360231 -0.124448
v -0.915580 0.360231 -0.124448
v -0.986292 0.360231 -0.103327
v -0.915580 0.360231 -0.103327
v -0.986292 0.360231 -0.075469
v -0.915580 0.360231 -0.075469
v -0.986292 0.360231 -0.040685
v -0.915580 0.360231 -0.040685
v -0.915580 0.360231 0.382759
v -0.986292 0.360231 0.382759
v -0.986292 0.360231 0.363421
v -0.915580 0.360231 0.363421
v -0.986292 0.360231 -0.002804
v -0.915580 0.360231 -0.002804
v -0.915580 0.002545 0.436078
v -0.986292 0.002545 0.436078
v -0.986292 0.002545 0.416740
v -0.915580 0.002545 0.416740
v -0.915580 0.002545 -0.237065
v -0.986292 0.002545 -0.237065
v -0.986292 0.002545 -0.223753
v -0.915580 0.002545 -0.223753
v -0.986292 0.002545 -0.198529
v -0.915580 0.002545 -0.198529
v -0.986292 0.002545 -0.183947
v -0.915580 0.002545 -0.183947
v -0.915580 0.476427 0.322067
v -0.986292 0.476427 0.322067
v -0.986292 0.459969 0.322067
v -0.915580 0.459969 0.322067
v -0.986292 0.412258 0.321995
v -0.915580 0.412258 0.321995
v -0.986292 0.360231 0.322582
v -0.915580 0.360231 0.322582
v -0.986292 0.002545 0.382669
v -0.915580 0.002545 0.382669
v -0.915580 0.109149 0.370136
v -0.915580 0.109149 0.400849
v -0.986292 0.109149 0.400849
v -0.986292 0.109149 0.420187
v -0.915580 0.109149 0.420187
v -0.986292 0.109149 0.370136
v -0.915580 0.111078 -0.159484
v -0.986292 0.111078 -0.159484
v -0.986292 0.111078 -0.174066
v -0.915580 0.111078 -0.174066
v -0.915580 0.111078 -0.199291
v -0.986292 0.111078 -0.212602
v -0.986292 0.111078 -0.199291
v -0.915580 0.111078 -0.212602
v -0.986292 0.153179 0.360214
v -0.915580 0.153179 0.360214
v -0.986292 0.153179 0.413624
v -0.986292 0.153179 0.394285
v -0.986292 0.195583 0.344648
v -0.915580 0.195583 0.344648
v -0.986292 0.234774 0.321040
v -0.915580 0.234774 0.321040
v -0.986292 0.269125 0.289270
v -0.915580 0.269125 0.289270
v -0.986292 0.297316 0.250557
v -0.915580 0.297316 0.250557
v -0.986292 0.318264 0.206390
v -0.915580 0.318264 0.206390
v -0.986292 0.331164 0.158466
v -0.915580 0.331164 0.158466
v -0.986292 0.335520 0.108627
v -0.915580 0.335520 0.108627
v -0.986292 0.331164 0.058788
v -0.915580 0.331164 0.058788
v -0.986292 0.318264 0.010864
v -0.915580 0.318264 0.010864
v -0.986292 0.297316 -0.033303
v -0.915580 0.297316 -0.033303
v -0.986292 0.269125 -0.072015
v -0.915580 0.269125 -0.072015
v -0.986292 0.234774 -0.103786
v -0.915580 0.234774 -0.103786
v -0.986292 0.195583 -0.127394
v -0.915580 0.195583 -0.127394
v -0.986292 0.153058 -0.147056
v -0.915580 0.153058 -0.147056
v -0.915580 0.153179 0.394285
v -0.915580 0.153179 0.413624
v -0.915580 0.153058 -0.188956
v -0.986292 0.153058 -0.188956
v -0.915580 0.153058 -0.202268
v -0.986292 0.196649 0.387805
v -0.986292 0.153058 -0.163732
v -0.915580 0.153058 -0.163732
v -0.986292 0.153058 -0.202268
v -0.986292 0.196649 0.407144
v -0.986292 0.197049 -0.154002
v -0.986292 0.197049 -0.179226
v -0.915580 0.196649 0.387805
v -0.915580 0.196649 0.407144
v -0.986292 0.237889 0.381658
v -0.986292 0.237889 0.400996
v -0.915580 0.197049 -0.192538
v -0.915580 0.197049 -0.179226
v -0.915580 0.237889 0.381658
v -0.915580 0.237889 0.400996
v -0.915580 0.197049 -0.154002
v -0.986292 0.197049 -0.192538
v -0.915580 0.476427 0.113897
v -0.915580 0.476427 0.217982
v -0.915580 0.238873 -0.169976
v -0.986292 0.238873 -0.169976
v -0.915580 0.238873 -0.183287
v -0.915580 0.238873 -0.144751
v -0.986292 0.238873 -0.144751
v -0.915580 0.476427 0.165939
v -0.986292 0.238873 -0.183287
v -0.915580 0.476427 0.270024
v -0.915580 0.476427 0.061855
v -0.915580 0.476427 0.009812
v -0.915580 0.459969 0.271883
v -0.915580 0.459969 0.220431
v -0.915580 0.459969 0.169613
v -0.915580 0.459969 0.118795
v -0.915580 0.459969 0.066140
v -0.915580 0.459969 0.012907
v -0.915580 0.412258 0.275530
v -0.915580 0.412258 0.229027
v -0.915580 0.412258 0.182523
v -0.915580 0.412258 0.133556
v -0.915580 0.412258 0.081429
v -0.915580 0.412258 0.030168
v -0.986292 0.476427 0.009812
v -0.986292 0.476427 0.061855
v -0.986292 0.476427 0.113897
v -0.986292 0.476427 0.165939
v -0.986292 0.476427 0.217982
v -0.986292 0.476427 0.270024
v -0.986292 0.459969 0.012907
v -0.986292 0.459969 0.066140
v -0.986292 0.459969 0.118795
v -0.986292 0.459969 0.169613
v -0.986292 0.459969 0.220431
v -0.986292 0.459969 0.271883
v -0.986292 0.412258 0.030168
v -0.986292 0.412258 0.081429
v -0.986292 0.412258 0.133556
v -0.986292 0.412258 0.182523
v -0.986292 0.412258 0.229027
v -0.986292 0.412258 0.275530
v -0.915580 0.360231 0.281979
v -0.915580 0.360231 0.240144
v -0.915580 0.360231 0.196465
v -0.915580 0.360231 0.150939
v -0.915580 0.360231 0.099769
v -0.915580 0.360231 0.046961
v -0.986292 0.360231 0.046961
v -0.986292 0.360231 0.099769
v -0.986292 0.360231 0.150939
v -0.986292 0.360231 0.196465
v -0.986292 0.360231 0.240144
v -0.986292 0.360231 0.281979
v -0.986292 0.436114 0.356451
v -0.986292 0.436114 -0.028976
v -0.986292 0.439437 -0.097829
v -0.986292 0.443217 -0.113153
v -0.915580 0.437663 -0.077488
v -0.915580 0.436791 -0.053787
v -0.915580 0.436114 -0.028976
v -0.915580 0.459700 -0.142546
v -0.986292 0.459700 -0.142546
v -0.915580 0.439437 -0.097829
v -0.915580 0.443217 -0.113153
v -0.986292 0.436114 0.375273
v -0.915580 0.436114 0.375273
v -0.915580 0.436114 0.356450
v -0.986292 0.450789 -0.129538
v -0.915580 0.450789 -0.129538
v -0.986292 0.437663 -0.077488
v -0.986292 0.436791 -0.053787
v -0.986292 0.436114 0.322031
v -0.915580 0.436114 0.322031
v -0.915580 0.436114 0.021538
v -0.915580 0.436114 0.073785
v -0.915580 0.436114 0.126175
v -0.915580 0.436114 0.176068
v -0.915580 0.436114 0.224729
v -0.915580 0.436114 0.273707
v -0.986292 0.436114 0.273707
v -0.986292 0.436114 0.224729
v -0.986292 0.436114 0.176068
v -0.986292 0.436114 0.126175
v -0.986292 0.436114 0.073785
v -0.986292 0.436114 0.021538
v -0.986292 0.386245 -0.119657
v -0.915580 0.386245 -0.076269
v -0.915580 0.386245 -0.045351
v -0.986292 0.386245 0.360760
v -0.986292 0.386245 -0.012020
v -0.986292 0.386245 -0.045351
v -0.986292 0.386245 -0.076269
v -0.986292 0.386245 -0.101236
v -0.915580 0.386245 0.360760
v -0.915580 0.386245 -0.012020
v -0.915580 0.386245 -0.151226
v -0.986292 0.386245 -0.151226
v -0.915580 0.386245 -0.101236
v -0.915580 0.386245 -0.119657
v -0.986292 0.386245 -0.138093
v -0.986292 0.386245 0.379841
v -0.915580 0.386245 0.379840
v -0.915580 0.386245 -0.138093
v -0.986292 0.386245 0.322289
v -0.915580 0.386245 0.322289
v -0.915580 0.386245 0.038565
v -0.915580 0.386245 0.090599
v -0.915580 0.386245 0.142247
v -0.915580 0.386245 0.189494
v -0.915580 0.386245 0.234586
v -0.915580 0.386245 0.278755
v -0.986292 0.386245 0.278755
v -0.986292 0.386245 0.234586
v -0.986292 0.386245 0.189494
v -0.986292 0.386245 0.142247
v -0.986292 0.386245 0.090599
v -0.986292 0.386245 0.038565
v -0.915580 0.459969 0.385199
v -0.986292 0.459969 0.385199
v -0.915580 0.412258 0.405728
v -0.986292 0.412258 0.405728
v -0.986292 0.436114 0.399042
v -0.915580 0.436114 0.399042
v -0.915580 0.360231 0.394335
v -0.986292 0.360231 0.394335
v -0.986292 0.386245 0.403610
v -0.915580 0.386245 0.403610
v 0.986292 0.542228 -0.105782
v 0.915580 0.542228 -0.105782
v 0.986292 0.529400 -0.104344
v 0.915580 0.529400 -0.104344
v 0.986292 0.517065 -0.102746
v 0.915580 0.517065 -0.102746
v 0.986292 0.505697 -0.099475
v 0.915580 0.505697 -0.099475
v 0.986292 0.495733 -0.095192
v 0.915580 0.495733 -0.095192
v 0.986292 0.487556 -0.083852
v 0.915580 0.487556 -0.083852
v 0.986292 0.481480 -0.070914
v 0.915580 0.481480 -0.070914
v 0.986292 0.477738 -0.056875
v 0.915580 0.477738 -0.056875
v 0.986292 0.537711 -0.141283
v 0.915580 0.537711 -0.141283
v 0.986292 0.521104 -0.140847
v 0.915580 0.521104 -0.140847
v 0.986292 0.507142 -0.139085
v 0.915580 0.507142 -0.139085
v 0.986292 0.489320 -0.126024
v 0.915580 0.489320 -0.126024
v 0.986292 0.474176 -0.111439
v 0.915580 0.474176 -0.111439
v 0.986292 0.466616 -0.096512
v 0.915580 0.466616 -0.096512
v 0.986292 0.463067 -0.077907
v 0.915580 0.463067 -0.077907
v 0.986292 0.461323 -0.057557
v 0.915580 0.461323 -0.057557
v 0.915580 0.850770 -0.208325
v 0.915580 0.863101 -0.212292
v 0.986292 0.863101 -0.212292
v 0.986292 0.850770 -0.208325
v 0.986292 0.863101 -0.225230
v 0.986292 0.850770 -0.221263
v 0.915580 0.850770 -0.221263
v 0.915580 0.863101 -0.225230
v 0.986292 0.911151 -0.263451
v 0.915580 0.911151 -0.263451
v 0.986292 0.845307 -0.180165
v 0.915580 0.845307 -0.180165
v 0.986292 0.859681 -0.184437
v 0.915580 0.859681 -0.184437
v 0.986292 0.872016 -0.188695
v 0.915580 0.872016 -0.188695
v 0.986292 0.883383 -0.195611
v 0.915580 0.883383 -0.195611
v 0.986292 0.893347 -0.204918
v 0.915580 0.893347 -0.204918
v 0.986292 0.901525 -0.216258
v 0.915580 0.901525 -0.216258
v 0.986292 0.907601 -0.229196
v 0.915580 0.907601 -0.229196
v 0.986292 0.911343 -0.243234
v 0.915580 0.911343 -0.243234
v 0.986292 0.929144 -0.257834
v 0.915580 0.929144 -0.257834
v 0.986292 0.848398 -0.163319
v 0.915580 0.848398 -0.163319
v 0.986292 0.862907 -0.165976
v 0.915580 0.862907 -0.165976
v 0.986292 0.878344 -0.171306
v 0.915580 0.878344 -0.171306
v 0.986292 0.892571 -0.179961
v 0.915580 0.892571 -0.179961
v 0.986292 0.905041 -0.191608
v 0.915580 0.905041 -0.191608
v 0.986292 0.915275 -0.205801
v 0.915580 0.915275 -0.205801
v 0.986292 0.922880 -0.221993
v 0.915580 0.922880 -0.221993
v 0.986292 0.927563 -0.239562
v 0.915580 0.927563 -0.239562
v 0.986292 0.691476 -0.115901
v 0.915580 0.691476 -0.115901
v 0.986292 0.677163 -0.111254
v 0.915580 0.677163 -0.111254
v 0.986292 0.664828 -0.106995
v 0.915580 0.664828 -0.106995
v 0.986292 0.653460 -0.100079
v 0.915580 0.653460 -0.100079
v 0.986292 0.643496 -0.090773
v 0.915580 0.643496 -0.090773
v 0.986292 0.635319 -0.079432
v 0.915580 0.635319 -0.079432
v 0.986292 0.629243 -0.066494
v 0.915580 0.629243 -0.066494
v 0.986292 0.625501 -0.052456
v 0.915580 0.625501 -0.052456
v 0.986292 0.624238 -0.037856
v 0.915580 0.624238 -0.037856
v 0.986292 0.688506 -0.134417
v 0.986292 0.673937 -0.129714
v 0.915580 0.688506 -0.134417
v 0.986292 0.658499 -0.124384
v 0.915580 0.658499 -0.124384
v 0.986292 0.625450 -0.106409
v 0.915580 0.625450 -0.106409
v 0.986292 0.598989 -0.089111
v 0.915580 0.598989 -0.089111
v 0.986292 0.605154 -0.073647
v 0.915580 0.605154 -0.073647
v 0.986292 0.607882 -0.056229
v 0.915580 0.607882 -0.056229
v 0.986292 0.607700 -0.037856
v 0.915580 0.607700 -0.037856
v 0.986292 0.542260 0.354801
v 0.986292 0.555088 0.353364
v 0.915580 0.555088 0.353364
v 0.986292 0.567423 0.349105
v 0.915580 0.567423 0.349105
v 0.986292 0.578791 0.342189
v 0.915580 0.578791 0.342189
v 0.986292 0.588755 0.332883
v 0.915580 0.588755 0.332883
v 0.986292 0.596932 0.321543
v 0.915580 0.596932 0.321543
v 0.986292 0.603008 0.308604
v 0.915580 0.603008 0.308604
v 0.986292 0.606750 0.294566
v 0.915580 0.606750 0.294566
v 0.986292 0.608013 0.279966
v 0.915580 0.608013 0.279966
v 0.915580 0.542260 0.373624
v 0.986292 0.558314 0.371824
v 0.915580 0.558314 0.371824
v 0.986292 0.573752 0.366494
v 0.915580 0.573752 0.366494
v 0.986292 0.587979 0.357840
v 0.915580 0.587979 0.357839
v 0.986292 0.600449 0.346192
v 0.915580 0.600449 0.346192
v 0.986292 0.610683 0.331999
v 0.915580 0.610683 0.331999
v 0.986292 0.618287 0.315807
v 0.915580 0.618287 0.315807
v 0.986292 0.622970 0.298238
v 0.915580 0.622970 0.298238
v 0.986292 0.624551 0.279966
v 0.915580 0.624551 0.279966
v 0.915580 0.542260 0.354801
v 0.986292 0.542260 0.373624
v 0.986292 0.509344 0.354801
v 0.915580 0.509344 0.354801
v 0.986292 0.509344 0.373624
v 0.915580 0.509344 0.373624
v 0.986292 0.476427 0.354801
v 0.915580 0.476427 0.354801
v 0.986292 0.476427 0.373624
v 0.915580 0.476427 0.373624
v 0.986292 0.459969 0.354801
v 0.915580 0.459969 0.354801
v 0.986292 0.459969 0.373624
v 0.915580 0.459969 0.373624
v 0.986292 0.476427 -0.042230
v 0.915580 0.476427 -0.042230
v 0.986292 0.459969 -0.036717
v 0.915580 0.459969 -0.036717
v 0.915580 0.539032 0.384216
v 0.986292 0.539032 0.384216
v 0.915580 0.509344 0.401199
v 0.986292 0.509344 0.401199
v 0.915580 0.479656 0.384216
v 0.986292 0.479656 0.384216
v 0.915580 0.492886 0.354801
v 0.915580 0.492886 0.373624
v 0.986292 0.492886 0.373624
v 0.986292 0.492886 0.354801
v 0.915580 0.492885 0.396296
v 0.986292 0.492886 0.396296
v 0.986292 0.525802 0.354801
v 0.915580 0.525802 0.354801
v 0.986292 0.525802 0.373624
v 0.915580 0.525802 0.373624
v 0.986292 0.525802 0.396296
v 0.915580 0.525802 0.396296
v 0.986292 0.580837 -0.102505
v 0.915580 0.580837 -0.102505
v 0.986292 0.605258 -0.126940
v 0.915580 0.605258 -0.126940
v 0.986292 0.875432 -0.229196
v 0.986292 0.879174 -0.243234
v 0.915580 0.879174 -0.243234
v 0.915580 0.875432 -0.229196
v 0.986292 0.889426 -0.257494
v 0.915580 0.889426 -0.257494
v 0.986292 0.875432 -0.216258
v 0.915580 0.838439 -0.217297
v 0.915580 0.875432 -0.216258
v 0.986292 0.838439 -0.204359
v 0.915580 0.838439 -0.204359
v 0.986292 0.683313 -0.158612
v 0.915580 0.683313 -0.158612
v 0.986292 0.838439 -0.217297
v 0.986292 0.681637 -0.171550
v 0.915580 0.681637 -0.171550
v 0.915580 0.673937 -0.129714
v 0.986292 0.668697 -0.153961
v 0.915580 0.668697 -0.153961
v 0.986292 0.667068 -0.166846
v 0.915580 0.667068 -0.166846
v 0.986292 0.651631 -0.148578
v 0.915580 0.651631 -0.148578
v 0.986292 0.647754 -0.160319
v 0.915580 0.647754 -0.160319
v 0.986292 0.644272 -0.115729
v 0.915580 0.644272 -0.115729
v 0.986292 0.632799 -0.140406
v 0.915580 0.632799 -0.140406
v 0.986292 0.627601 -0.154923
v 0.915580 0.627601 -0.154923
v 0.915580 0.412258 -0.146008
v 0.986292 0.412258 -0.146008
v 0.986292 0.412258 -0.133052
v 0.915580 0.412258 -0.133052
v 0.986292 0.412258 -0.114866
v 0.915580 0.412258 -0.114866
v 0.986292 0.412258 -0.099146
v 0.915580 0.412258 -0.099146
v 0.986292 0.412258 -0.077069
v 0.915580 0.412258 -0.077069
v 0.986292 0.412258 -0.050017
v 0.915580 0.412258 -0.050017
v 0.915580 0.412258 0.376922
v 0.986292 0.412258 0.376922
v 0.986292 0.412258 0.358100
v 0.915580 0.412258 0.358100
v 0.986292 0.412258 -0.021236
v 0.915580 0.412258 -0.021236
v 0.915580 0.360231 -0.156445
v 0.986292 0.360231 -0.156445
v 0.986292 0.360231 -0.143133
v 0.915580 0.360231 -0.143133
v 0.986292 0.360231 -0.124448
v 0.915580 0.360231 -0.124448
v 0.986292 0.360231 -0.103327
v 0.915580 0.360231 -0.103327
v 0.986292 0.360231 -0.075469
v 0.915580 0.360231 -0.075469
v 0.986292 0.360231 -0.040685
v 0.915580 0.360231 -0.040685
v 0.915580 0.360231 0.382759
v 0.986292 0.360231 0.382759
v 0.986292 0.360231 0.363421
v 0.915580 0.360231 0.363421
v 0.986292 0.360231 -0.002804
v 0.915580 0.360231 -0.002804
v 0.915580 0.002545 0.436078
v 0.986292 0.002545 0.436078
v 0.986292 0.002545 0.416740
v 0.915580 0.002545 0.416740
v 0.915580 0.002545 -0.237065
v 0.986292 0.002545 -0.237065
v 0.986292 0.002545 -0.223753
v 0.915580 0.002545 -0.223753
v 0.986292 0.002545 -0.198529
v 0.915580 0.002545 -0.198529
v 0.986292 0.002545 -0.183947
v 0.915580 0.002545 -0.183947
v 0.915580 0.476427 0.322067
v 0.986292 0.476427 0.322067
v 0.986292 0.459969 0.322067
v 0.915580 0.459969 0.322067
v 0.986292 0.412258 0.321995
v 0.915580 0.412258 0.321995
v 0.986292 0.360231 0.322582
v 0.915580 0.360231 0.322582
v 0.986292 0.002545 0.382669
v 0.915580 0.002545 0.382669
v 0.915580 0.109149 0.370136
v 0.915580 0.109149 0.400849
v 0.986292 0.109149 0.400849
v 0.986292 0.109149 0.420187
v 0.915580 0.109149 0.420187
v 0.986292 0.109149 0.370136
v 0.915580 0.111078 -0.159484
v 0.986292 0.111078 -0.159484
v 0.986292 0.111078 -0.174066
v 0.915580 0.111078 -0.174066
v 0.915580 0.111078 -0.199291
v 0.986292 0.111078 -0.212602
v 0.986292 0.111078 -0.199291
v 0.915580 0.111078 -0.212602
v 0.986292 0.153179 0.360214
v 0.915580 0.153179 0.360214
v 0.986292 0.153179 0.413624
v 0.986292 0.153179 0.394285
v 0.986292 0.195583 0.344648
v 0.915580 0.195583 0.344648
v 0.986292 0.234774 0.321040
v 0.915580 0.234774 0.321040
v 0.986292 0.269125 0.289270
v 0.915580 0.269125 0.289270
v 0.986292 0.297316 0.250557
v 0.915580 0.297316 0.250557
v 0.986292 0.318264 0.206390
v 0.915580 0.318264 0.206390
v 0.986292 0.331164 0.158466
v 0.915580 0.331164 0.158466
v 0.986292 0.335520 0.108627
v 0.915580 0.335520 0.108627
v 0.986292 0.331164 0.058788
v 0.915580 0.331164 0.058788
v 0.986292 0.318264 0.010864
v 0.915580 0.318264 0.010864
v 0.986292 0.297316 -0.033303
v 0.915580 0.297316 -0.033303
v 0.986292 0.269125 -0.072015
v 0.915580 0.269125 -0.072015
v 0.986292 0.234774 -0.103786
v 0.915580 0.234774 -0.103786
v 0.986292 0.195583 -0.127394
v 0.915580 0.195583 -0.127394
v 0.986292 0.153058 -0.147056
v 0.915580 0.153058 -0.147056
v 0.915580 0.153179 0.394285
v 0.915580 0.153179 0.413624
v 0.915580 0.153058 -0.188956
v 0.986292 0.153058 -0.188956
v 0.915580 0.153058 -0.202268
v 0.986292 0.196649 0.387805
v 0.986292 0.153058 -0.163732
v 0.915580 0.153058 -0.163732
v 0.986292 0.153058 -0.202268
v 0.986292 0.196649 0.407144
v 0.986292 0.197049 -0.154002
v 0.986292 0.197049 -0.179226
v 0.915580 0.196649 0.387805
v 0.915580 0.196649 0.407144
v 0.986292 0.237889 0.381658
v 0.986292 0.237889 0.400996
v 0.915580 0.197049 -0.192538
v 0.915580 0.197049 -0.179226
v 0.915580 0.237889 0.381658
v 0.915580 0.237889 0.400996
v 0.915580 0.197049 -0.154002
v 0.986292 0.197049 -0.192538
v 0.915580 0.476427 0.113897
v 0.915580 0.476427 0.217982
v 0.915580 0.238873 -0.169976
v 0.986292 0.238873 -0.169976
v 0.915580 0.238873 -0.183287
v 0.915580 0.238873 -0.144751
v 0.986292 0.238873 -0.144751
v 0.915580 0.476427 0.165939
v 0.986292 0.238873 -0.183287
v 0.915580 0.476427 0.270024
v 0.915580 0.476427 0.061855
v 0.915580 0.476427 0.009812
v 0.915580 0.459969 0.271883
v 0.915580 0.459969 0.220431
v 0.915580 0.459969 0.169613
v 0.915580 0.459969 0.118795
v 0.915580 0.459969 0.066140
v 0.915580 0.459969 0.012907
v 0.915580 0.412258 0.275530
v 0.915580 0.412258 0.229027
v 0.915580 0.412258 0.182523
v 0.915580 0.412258 0.133556
v 0.915580 0.412258 0.081429
v 0.915580 0.412258 0.030168
v 0.986292 0.476427 0.009812
v 0.986292 0.476427 0.061855
v 0.986292 0.476427 0.113897
v 0.986292 0.476427 0.165939
v 0.986292 0.476427 0.217982
v 0.986292 0.476427 0.270024
v 0.986292 0.459969 0.012907
v 0.986292 0.459969 0.066140
v 0.986292 0.459969 0.118795
v 0.986292 0.459969 0.169613
v 0.986292 0.459969 0.220431
v 0.986292 0.459969 0.271883
v 0.986292 0.412258 0.030168
v 0.986292 0.412258 0.081429
v 0.986292 0.412258 0.133556
v 0.986292 0.412258 0.182523
v 0.986292 0.412258 0.229027
v 0.986292 0.412258 0.275530
v 0.915580 0.360231 0.281979
v 0.915580 0.360231 0.240144
v 0.915580 0.360231 0.196465
v 0.915580 0.360231 0.150939
v 0.915580 0.360231 0.099769
v 0.915580 0.360231 0.046961
v 0.986292 0.360231 0.046961
v 0.986292 0.360231 0.099769
v 0.986292 0.360231 0.150939
v 0.986292 0.360231 0.196465
v 0.986292 0.360231 0.240144
v 0.986292 0.360231 0.281979
v 0.986292 0.436114 0.356451
v 0.986292 0.436114 -0.028976
v 0.986292 0.439437 -0.097829
v 0.986292 0.443217 -0.113153
v 0.915580 0.437663 -0.077488
v 0.915580 0.436791 -0.053787
v 0.915580 0.436114 -0.028976
v 0.915580 0.459700 -0.142546
v 0.986292 0.459700 -0.142546
v 0.915580 0.439437 -0.097829
v 0.915580 0.443217 -0.113153
v 0.986292 0.436114 0.375273
v 0.915580 0.436114 0.375273
v 0.915580 0.436114 0.356450
v 0.986292 0.450789 -0.129538
v 0.915580 0.450789 -0.129538
v 0.986292 0.437663 -0.077488
v 0.986292 0.436791 -0.053787
v 0.986292 0.436114 0.322031
v 0.915580 0.436114 0.322031
v 0.915580 0.436114 0.021538
v 0.915580 0.436114 0.073785
v 0.915580 0.436114 0.126175
v 0.915580 0.436114 0.176068
v 0.915580 0.436114 0.224729
v 0.915580 0.436114 0.273707
v 0.986292 0.436114 0.273707
v 0.986292 0.436114 0.224729
v 0.986292 0.436114 0.176068
v 0.986292 0.436114 0.126175
v 0.986292 0.436114 0.073785
v 0.986292 0.436114 0.021538
v 0.986292 0.386245 -0.119657
v 0.915580 0.386245 -0.076269
v 0.915580 0.386245 -0.045351
v 0.986292 0.386245 0.360760
v 0.986292 0.386245 -0.012020
v 0.986292 0.386245 -0.045351
v 0.986292 0.386245 -0.076269
v 0.986292 0.386245 -0.101236
v 0.915580 0.386245 0.360760
v 0.915580 0.386245 -0.012020
v 0.915580 0.386245 -0.151226
v 0.986292 0.386245 -0.151226
v 0.915580 0.386245 -0.101236
v 0.915580 0.386245 -0.119657
v 0.986292 0.386245 -0.138093
v 0.986292 0.386245 0.379841
v 0.915580 0.386245 0.379840
v 0.915580 0.386245 -0.138093
v 0.986292 0.386245 0.322289
v 0.915580 0.386245 0.322289
v 0.915580 0.386245 0.038565
v 0.915580 0.386245 0.090599
v 0.915580 0.386245 0.142247
v 0.915580 0.386245 0.189494
v 0.915580 0.386245 0.234586
v 0.915580 0.386245 0.278755
v 0.986292 0.386245 0.278755
v 0.986292 0.386245 0.234586
v 0.986292 0.386245 0.189494
v 0.986292 0.386245 0.142247
v 0.986292 0.386245 0.090599
v 0.986292 0.386245 0.038565
v 0.915580 0.459969 0.385199
v 0.986292 0.459969 0.385199
v 0.915580 0.412258 0.405728
v 0.986292 0.412258 0.405728
v 0.986292 0.436114 0.399042
v 0.915580 0.436114 0.399042
v 0.915580 0.360231 0.394335
v 0.986292 0.360231 0.394335
v 0.986292 0.386245 0.403610
v 0.915580 0.386245 0.403610
v -0.950936 0.539033 -0.145431
v -0.950936 0.522082 -0.144986
v -0.950936 0.507830 -0.143187
v -0.950936 0.938569 -0.264395
v -0.950936 0.856152 -0.167923
v -0.950936 0.870961 -0.170635
v -0.950936 0.886718 -0.176075
v -0.950936 0.901239 -0.184909
v -0.950936 0.913968 -0.196798
v -0.950936 0.924414 -0.211284
v -0.950936 0.932176 -0.227811
v -0.950936 0.936955 -0.245745
v -0.950936 0.858573 -0.227067
v -0.950936 0.871159 -0.231115
v -0.950936 0.920204 -0.270128
v -0.950936 0.695981 -0.119523
v -0.950936 0.681372 -0.114779
v -0.950936 0.668781 -0.110433
v -0.950936 0.657178 -0.103374
v -0.950936 0.647008 -0.093875
v -0.950936 0.638661 -0.082300
v -0.950936 0.632459 -0.069094
v -0.950936 0.628640 -0.054764
v -0.950936 0.627350 -0.039863
v -0.950936 0.560062 0.378299
v -0.950936 0.575819 0.372859
v -0.950936 0.590341 0.364025
v -0.950936 0.603069 0.352137
v -0.950936 0.613515 0.337650
v -0.950936 0.621277 0.321123
v -0.950936 0.626057 0.303190
v -0.950936 0.627671 0.284540
v -0.950936 0.476480 0.380136
v -0.950936 0.459681 0.380136
v -0.950936 0.540381 0.390948
v -0.950936 0.510078 0.408283
v -0.950936 0.479775 0.390948
v -0.950936 0.493279 0.403278
v -0.950936 0.526877 0.403278
v -0.950936 0.543676 0.380136
v -0.950936 0.883746 -0.235164
v -0.950936 0.887565 -0.249493
v -0.950936 0.898029 -0.264048
v -0.950936 0.685938 -0.176324
v -0.950936 0.671068 -0.171523
v -0.950936 0.651354 -0.164861
v -0.950936 0.630783 -0.159353
v -0.950936 0.410982 -0.150254
v -0.950936 0.845986 -0.223018
v -0.950936 0.357878 -0.160906
v -0.950936 0.357878 0.389461
v -0.950936 -0.007213 0.443884
v -0.950936 -0.007213 0.424145
v -0.950936 -0.007213 -0.243195
v -0.950936 -0.007213 -0.229608
v -0.950936 -0.007213 -0.203861
v -0.950936 -0.007213 -0.188977
v -0.950936 -0.007213 0.389369
v -0.950936 0.101597 0.376576
v -0.950936 0.101597 0.427664
v -0.950936 0.103566 -0.218226
v -0.950936 0.103566 -0.164009
v -0.950936 0.189821 0.350561
v -0.950936 0.229823 0.326464
v -0.950936 0.264886 0.294036
v -0.950936 0.293661 0.254522
v -0.950936 0.315043 0.209441
v -0.950936 0.328209 0.160525
v -0.950936 0.332655 0.109654
v -0.950936 0.328209 0.058783
v -0.950936 0.315043 0.009866
v -0.950936 0.293661 -0.035215
v -0.950936 0.264886 -0.074729
v -0.950936 0.229823 -0.107157
v -0.950936 0.189821 -0.131254
v -0.950936 0.146416 -0.151323
v -0.950936 0.146539 0.420965
v -0.950936 0.146416 -0.207678
v -0.950936 0.190910 0.414350
v -0.950936 0.233004 0.408076
v -0.950936 0.191317 -0.197747
v -0.950936 0.234008 -0.188304
v -0.950936 0.146539 0.366449
v -0.950936 0.459406 -0.146720
v -0.950936 0.384430 -0.155580
v -0.950936 0.459681 0.391951
v -0.950936 0.410982 0.412905
v -0.950936 0.357878 0.401276
v -0.950936 0.435332 0.406081
v -0.950936 0.384430 0.410743
v 0.950936 0.539033 -0.145431
v 0.950936 0.522082 -0.144986
v 0.950936 0.507830 -0.143187
v 0.950936 0.938569 -0.264395
v 0.950936 0.856152 -0.167923
v 0.950936 0.870961 -0.170635
v 0.950936 0.886718 -0.176075
v 0.950936 0.901239 -0.184909
v 0.950936 0.913968 -0.196798
v 0.950936 0.924414 -0.211284
v 0.950936 0.932176 -0.227811
v 0.950936 0.936955 -0.245745
v 0.950936 0.858573 -0.227067
v 0.950936 0.871159 -0.231115
v 0.950936 0.920204 -0.270128
v 0.950936 0.695981 -0.119523
v 0.950936 0.681372 -0.114779
v 0.950936 0.668781 -0.110433
v 0.950936 0.657178 -0.103374
v 0.950936 0.647008 -0.093875
v 0.950936 0.638661 -0.082300
v 0.950936 0.632459 -0.069094
v 0.950936 0.628640 -0.054764
v 0.950936 0.627350 -0.039863
v 0.950936 0.560062 0.378299
v 0.950936 0.575819 0.372859
v 0.950936 0.590341 0.364025
v 0.950936 0.603069 0.352137
v 0.950936 0.613515 0.337650
v 0.950936 0.621277 0.321123
v 0.950936 0.626057 0.303190
v 0.950936 0.627671 0.284540
v 0.950936 0.476480 0.380136
v 0.950936 0.459681 0.380136
v 0.950936 0.540381 0.390948
v 0.950936 0.510078 0.408283
v 0.950936 0.479775 0.390948
v 0.950936 0.493279 0.403278
v 0.950936 0.526877 0.403278
v 0.950936 0.543676 0.380136
v 0.950936 0.883746 -0.235164
v 0.950936 0.887565 -0.249493
v 0.950936 0.898029 -0.264048
v 0.950936 0.685938 -0.176324
v 0.950936 0.671068 -0.171523
v 0.950936 0.651354 -0.164861
v 0.950936 0.630783 -0.159353
v 0.950936 0.410982 -0.150254
v 0.950936 0.845986 -0.223018
v 0.950936 0.357878 -0.160906
v 0.950936 0.357878 0.389461
v 0.950936 -0.007213 0.443884
v 0.950936 -0.007213 0.424145
v 0.950936 -0.007213 -0.243195
v 0.950936 -0.007213 -0.229608
v 0.950936 -0.007213 -0.203861
v 0.950936 -0.007213 -0.188977
v 0.950936 -0.007213 0.389369
v 0.950936 0.101597 0.376576
v 0.950936 0.101597 0.427664
v 0.950936 0.103566 -0.218226
v 0.950936 0.103566 -0.164009
v 0.950936 0.189821 0.350561
v 0.950936 0.229823 0.326464
v 0.950936 0.264886 0.294036
v 0.950936 0.293661 0.254522
v 0.950936 0.315043 0.209441
v 0.950936 0.328209 0.160525
v 0.950936 0.332655 0.109654
v 0.950936 0.328209 0.058783
v 0.950936 0.315043 0.009866
v 0.950936 0.293661 -0.035215
v 0.950936 0.264886 -0.074729
v 0.950936 0.229823 -0.107157
v 0.950936 0.189821 -0.131254
v 0.950936 0.146416 -0.151323
v 0.950936 0.146539 0.420965
v 0.950936 0.146416 -0.207678
v 0.950936 0.190910 0.414350
v 0.950936 0.233004 0.408076
v 0.950936 0.191317 -0.197747
v 0.950936 0.234008 -0.188304
v 0.950936 0.146539 0.366449
v 0.950936 0.459406 -0.146720
v 0.950936 0.384430 -0.155580
v 0.950936 0.459681 0.391951
v 0.950936 0.410982 0.412905
v 0.950936 0.357878 0.401276
v 0.950936 0.435332 0.406081
v 0.950936 0.384430 0.410743
v -0.940000 0.369026 0.349249
v -0.940000 0.379026 0.359249
v -0.950000 0.379026 0.349249
v -0.940000 0.371955 0.356320
v -0.945773 0.373252 0.355023
v -0.947071 0.379026 0.356320
v -0.947071 0.371955 0.349249
v -0.940000 0.399026 0.359249
v -0.940000 0.409026 0.349249
v -0.950000 0.399026 0.349249
v -0.940000 0.406097 0.356320
v -0.945773 0.404799 0.355023
v -0.947071 0.406097 0.349249
v -0.947071 0.399026 0.356320
v -0.940000 0.369026 0.149249
v -0.950000 0.379026 0.149249
v -0.940000 0.379026 0.139249
v -0.947071 0.371955 0.149249
v -0.945773 0.373252 0.143476
v -0.947071 0.379026 0.142178
v -0.940000 0.371955 0.142178
v -0.940000 0.409026 0.149249
v -0.940000 0.399026 0.139249
v -0.950000 0.399026 0.149249
v -0.940000 0.406097 0.142178
v -0.945773 0.404799 0.143476
v -0.947071 0.399026 0.142178
v -0.947071 0.406097 0.149249
v 0.940000 0.369026 0.349249
v 0.950000 0.379026 0.349249
v 0.940000 0.379026 0.359249
v 0.947071 0.371955 0.349249
v 0.945773 0.373252 0.355023
v 0.947071 0.379026 0.356321
v 0.940000 0.371955 0.356321
v 0.940000 0.409026 0.349249
v 0.940000 0.399026 0.359249
v 0.950000 0.399026 0.349249
v 0.940000 0.406097 0.356320
v 0.945773 0.404799 0.355023
v 0.947071 0.399026 0.356320
v 0.947071 0.406097 0.349249
v 0.940000 0.369026 0.149249
v 0.940000 0.379026 0.139249
v 0.950000 0.379026 0.149249
v 0.940000 0.371955 0.142178
v 0.945773 0.373252 0.143476
v 0.947071 0.379026 0.142178
v 0.947071 0.371955 0.149249
v 0.940000 0.409026 0.149249
v 0.950000 0.399026 0.149249
v 0.940000 0.399026 0.139249
v 0.947071 0.406097 0.149249
v 0.945773 0.404799 0.143476
v 0.947071 0.399026 0.142178
v 0.940000 0.406097 0.142178
v -0.940000 0.369026 0.114095
v -0.940000 0.379026 0.124095
v -0.950000 0.379026 0.114095
v -0.940000 0.371955 0.121166
v -0.945773 0.373252 0.119868
v -0.947071 0.379026 0.121166
v -0.947071 0.371955 0.114095
v -0.940000 0.399026 0.124095
v -0.940000 0.409026 0.114095
v -0.950000 0.399026 0.114095
v -0.940000 0.406097 0.121166
v -0.945773 0.404799 0.119868
v -0.947071 0.406097 0.114095
v -0.947071 0.399026 0.121166
v -0.940000 0.369026 -0.085905
v -0.950000 0.379026 -0.085905
v -0.940000 0.379026 -0.095905
v -0.947071 0.371955 -0.085905
v -0.945773 0.373252 -0.091679
v -0.947071 0.379026 -0.092977
v -0.940000 0.371955 -0.092977
v -0.940000 0.409026 -0.085905
v -0.940000 0.399026 -0.095905
v -0.950000 0.399026 -0.085905
v -0.940000 0.406097 -0.092977
v -0.945773 0.404799 -0.091679
v -0.947071 0.399026 -0.092977
v -0.947071 0.406097 -0.085905
v 0.940000 0.369026 0.114095
v 0.950000 0.379026 0.114095
v 0.940000 0.379026 0.124095
v 0.947071 0.371955 0.114095
v 0.945773 0.373252 0.119868
v 0.947071 0.379026 0.121166
v 0.940000 0.371955 0.121166
v 0.940000 0.409026 0.114095
v 0.940000 0.399026 0.124095
v 0.950000 0.399026 0.114095
v 0.940000 0.406097 0.121166
v 0.945773 0.404799 0.119868
v 0.947071 0.399026 0.121166
v 0.947071 0.406097 0.114095
v 0.940000 0.369026 -0.085905
v 0.940000 0.379026 -0.095905
v 0.950000 0.379026 -0.085905
v 0.940000 0.371955 -0.092977
v 0.945773 0.373252 -0.091679
v 0.947071 0.379026 -0.092977
v 0.947071 0.371955 -0.085905
v 0.940000 0.409026 -0.085905
v 0.950000 0.399026 -0.085905
v 0.940000 0.399026 -0.095905
v 0.947071 0.406097 -0.085905
v 0.945773 0.404799 -0.091679
v 0.947071 0.399026 -0.092977
v 0.940000 0.406097 -0.092977
v -0.940000 0.607426 -0.134832
v -0.940000 0.600846 -0.122314
v -0.950000 0.610396 -0.125283
v -0.940000 0.601544 -0.129936
v -0.945773 0.603168 -0.129082
v -0.947071 0.603643 -0.123184
v -0.947071 0.608296 -0.132035
v -0.940000 0.603271 -0.114517
v -0.940000 0.615789 -0.107937
v -0.950000 0.612820 -0.117486
v -0.940000 0.608167 -0.108634
v -0.945773 0.609021 -0.110259
v -0.947071 0.614919 -0.110734
v -0.947071 0.606068 -0.115386
v -0.940000 0.729972 -0.172936
v -0.950000 0.732941 -0.163387
v -0.940000 0.742490 -0.166356
v -0.947071 0.730841 -0.170139
v -0.945773 0.736740 -0.170614
v -0.947071 0.739693 -0.165486
v -0.940000 0.737593 -0.172238
v -0.940000 0.738334 -0.146040
v -0.940000 0.744914 -0.158558
v -0.950000 0.735365 -0.155589
v -0.940000 0.744217 -0.150936
v -0.945773 0.742593 -0.151790
v -0.947071 0.742117 -0.157689
v -0.947071 0.737465 -0.148837
v 0.940000 0.607426 -0.134832
v 0.950000 0.610396 -0.125283
v 0.940000 0.600846 -0.122314
v 0.947071 0.608296 -0.132036
v 0.945773 0.603168 -0.129082
v 0.947071 0.603643 -0.123184
v 0.940000 0.601544 -0.129936
v 0.940000 0.615789 -0.107937
v 0.940000 0.603271 -0.114517
v 0.950000 0.612820 -0.117486
v 0.940000 0.608167 -0.108634
v 0.945773 0.609021 -0.110259
v 0.947071 0.606068 -0.115386
v 0.947071 0.614919 -0.110734
v 0.940000 0.729972 -0.172936
v 0.940000 0.742490 -0.166356
v 0.950000 0.732941 -0.163387
v 0.940000 0.737593 -0.172238
v 0.945773 0.736740 -0.170614
v 0.947071 0.739693 -0.165486
v 0.947071 0.730841 -0.170139
v 0.940000 0.738334 -0.146040
v 0.950000 0.735365 -0.155589
v 0.940000 0.744914 -0.158558
v 0.947071 0.737465 -0.148837
v 0.945773 0.742593 -0.151790
v 0.947071 0.742117 -0.157689
v 0.940000 0.744217 -0.150936
v -0.940000 0.758827 -0.181908
v -0.940000 0.752247 -0.169389
v -0.950000 0.761796 -0.172359
v -0.940000 0.752944 -0.177011
v -0.945773 0.754569 -0.176157
v -0.947071 0.755044 -0.170259
v -0.947071 0.759696 -0.179111
v -0.940000 0.754671 -0.161592
v -0.940000 0.767190 -0.155012
v -0.950000 0.764220 -0.164561
v -0.940000 0.759568 -0.155709
v -0.945773 0.760422 -0.157334
v -0.947071 0.766320 -0.157809
v -0.947071 0.757468 -0.162462
v -0.940000 0.881372 -0.220011
v -0.950000 0.884341 -0.210462
v -0.940000 0.893890 -0.213431
v -0.947071 0.882242 -0.217214
v -0.945773 0.888140 -0.217689
v -0.947071 0.891093 -0.212561
v -0.940000 0.888994 -0.219313
v -0.940000 0.889735 -0.193115
v -0.940000 0.896315 -0.205633
v -0.950000 0.886766 -0.202664
v -0.940000 0.895617 -0.198012
v -0.945773 0.893993 -0.198865
v -0.947071 0.893518 -0.204764
v -0.947071 0.888865 -0.195912
v 0.940000 0.758827 -0.181908
v 0.950000 0.761796 -0.172359
v 0.940000 0.752247 -0.169389
v 0.947071 0.759696 -0.179111
v 0.945773 0.754569 -0.176157
v 0.947071 0.755044 -0.170259
v 0.940000 0.752944 -0.177011
v 0.940000 0.767190 -0.155012
v 0.940000 0.754671 -0.161592
v 0.950000 0.764220 -0.164561
v 0.940000 0.759568 -0.155709
v 0.945773 0.760422 -0.157334
v 0.947071 0.757468 -0.162462
v 0.947071 0.766320 -0.157809
v 0.940000 0.881372 -0.220011
v 0.940000 0.893890 -0.213431
v 0.950000 0.884341 -0.210462
v 0.940000 0.888994 -0.219313
v 0.945773 0.888140 -0.217689
v 0.947071 0.891093 -0.212561
v 0.947071 0.882242 -0.217214
v 0.940000 0.889735 -0.193115
v 0.950000 0.886766 -0.202664
v 0.940000 0.896315 -0.205633
v 0.947071 0.888865 -0.195912
v 0.945773 0.893993 -0.198865
v 0.947071 0.893518 -0.204764
v 0.940000 0.895617 -0.198012
vn -0.0000 -0.0902 -0.9959
vn 0.1129 -0.0859 -0.9899
vn 0.1138 -0.0765 -0.9906
vn -0.0000 -0.0747 -0.9972
vn 0.1147 -0.0248 -0.9931
vn -0.0000 -0.0278 -0.9996
vn 1.0000 -0.0000 -0.0000
vn -1.0000 -0.0000 -0.0000
vn -0.0000 0.0728 -0.9973
vn 0.1163 0.0723 -0.9906
vn 0.1135 0.1321 -0.9847
vn -0.0000 0.1370 -0.9906
vn -0.0000 0.0135 0.9999
vn -0.0000 0.1200 0.9928
vn -0.0000 0.2031 0.9792
vn -0.0000 0.3364 0.9417
vn -0.0000 0.3949 0.9187
vn -0.0000 0.8111 0.5849
vn -0.0000 0.8618 0.5072
vn -0.0000 0.9395 0.3427
vn -0.0000 0.9847 0.1740
vn -0.0000 0.9990 0.0446
vn -0.0000 0.2268 0.9739
vn -0.0727 0.2427 0.9674
vn -0.0724 0.2418 0.9676
vn -0.0000 0.2655 0.9641
vn -0.0262 0.4090 0.9122
vn -0.0000 0.4418 0.8971
vn 0.0316 0.5897 0.8070
vn -0.0000 0.6183 0.7859
vn 0.0874 0.7364 0.6709
vn -0.0000 0.7612 0.6485
vn 0.1387 0.8457 0.5153
vn -0.0000 0.8693 0.4942
vn 0.1841 0.9187 0.3494
vn -0.0000 0.9439 0.3303
vn 0.2231 0.9581 0.1795
vn -0.0000 0.9869 0.1613
vn 0.2422 0.9666 0.0837
vn -0.0000 0.9963 0.0862
vn -0.0000 -0.3062 -0.9520
vn 0.0883 -0.3050 -0.9482
vn -0.0000 -0.2924 -0.9563
vn 0.0927 -0.2937 -0.9514
vn 0.0897 -0.3130 -0.9455
vn -0.0000 -0.3131 -0.9497
vn -0.0000 -0.9289 0.3703
vn -0.0000 -0.9645 0.2642
vn -0.0000 -0.9974 0.0727
vn -0.0000 -1.0000 -0.0045
vn -0.0000 0.2981 0.9545
vn -0.0000 0.3168 0.9485
vn -0.0565 0.3179 0.9464
vn -0.0594 0.2995 0.9523
vn -0.0000 0.4168 0.9090
vn -0.0390 0.4339 0.9001
vn -0.0000 0.5971 0.8022
vn -0.0094 0.6115 0.7912
vn -0.0000 0.7450 0.6670
vn 0.0176 0.7556 0.6548
vn -0.0000 0.8583 0.5131
vn 0.0411 0.8646 0.5008
vn -0.0000 0.9375 0.3480
vn 0.0607 0.9396 0.3368
vn -0.0000 0.9842 0.1769
vn 0.0763 0.9829 0.1677
vn -0.0000 0.9990 0.0443
vn 0.0853 0.9955 0.0408
vn -0.0000 0.1114 0.9938
vn 0.1843 0.1095 0.9768
vn 0.1862 0.2158 0.9585
vn -0.0000 0.2207 0.9753
vn 0.1845 0.4196 0.8888
vn -0.0000 0.4241 0.9056
vn 0.1768 0.5975 0.7822
vn -0.0000 0.6017 0.7987
vn 0.1641 0.7433 0.6485
vn -0.0000 0.7473 0.6644
vn 0.1479 0.8552 0.4967
vn -0.0000 0.8590 0.5120
vn 0.1291 0.9337 0.3339
vn -0.0000 0.9373 0.3485
vn 0.1087 0.9803 0.1649
vn -0.0000 0.9838 0.1791
vn 0.0928 0.9949 0.0390
vn -0.0000 0.9989 0.0461
vn -0.0000 -0.9850 -0.1725
vn -0.0000 -0.9991 -0.0427
vn -0.0000 -0.9395 -0.3427
vn -0.0000 -0.8618 -0.5072
vn -0.0000 -0.7504 -0.6610
vn -0.0000 -0.6043 -0.7967
vn -0.0000 -0.4255 -0.9050
vn -0.0000 -0.2202 -0.9755
vn -0.0000 -0.0558 -0.9984
vn -0.0000 -0.0000 -1.0000
vn -0.0000 1.0000 -0.0000
vn -0.0000 -0.0000 1.0000
vn -0.1812 -0.0000 0.9835
vn 0.0727 0.2427 0.9674
vn 0.0594 0.2995 0.9523
vn -0.0000 0.4840 0.8750
vn -0.1830 0.4928 0.8507
vn -0.1942 0.2801 0.9401
vn -0.0000 0.2855 0.9584
vn -0.0000 -0.4797 0.8774
vn -0.1625 -0.4990 0.8512
vn -0.1370 -0.6679 0.7315
vn -0.0000 -0.6743 0.7385
vn -0.0000 0.9566 0.2915
vn -0.0916 0.9525 0.2903
vn -0.0000 -0.9566 0.2915
vn 0.0522 -0.9553 0.2911
vn -0.0000 -0.2855 0.9584
vn -0.1829 -0.2807 0.9422
vn -0.0000 0.6743 0.7385
vn -0.1641 0.6651 0.7285
vn -0.0000 -0.0846 0.9964
vn -0.0000 -0.5938 0.8046
vn -0.0000 0.2980 -0.9546
vn -0.2485 0.2887 -0.9246
vn -0.0000 -0.9663 -0.2575
vn -0.0000 -0.8908 -0.4544
vn -0.1447 -0.9061 -0.3975
vn -0.1807 -0.9504 -0.2533
vn -0.0000 -0.8120 -0.5837
vn -0.0890 -0.8087 -0.5814
vn -0.0000 -0.2644 -0.9644
vn 0.1137 -0.2627 -0.9582
vn 0.0923 -0.2899 -0.9526
vn -0.0000 -0.2952 -0.9554
vn 0.0934 -0.2857 -0.9538
vn -0.0000 -0.2922 -0.9564
vn 0.1041 -0.1997 -0.9743
vn -0.0000 -0.2086 -0.9780
vn -0.1129 -0.0859 -0.9899
vn -0.1041 -0.1997 -0.9743
vn -0.0000 0.1967 -0.9805
vn 0.1100 0.1955 -0.9745
vn 0.1091 0.2045 -0.9728
vn -0.0000 0.2069 -0.9784
vn -0.0000 -0.2473 0.9689
vn 0.0690 -0.2561 0.9642
vn 0.0779 -0.2192 0.9726
vn -0.0000 -0.2199 0.9755
vn -0.2660 -0.9640 -0.0000
vn -0.0000 0.1474 0.9891
vn -0.1749 0.1452 0.9738
vn 0.2660 -0.9640 -0.0000
vn -0.0000 0.2280 -0.9737
vn 0.1051 0.2296 -0.9676
vn 0.1078 0.2186 -0.9698
vn -0.0000 0.2199 -0.9755
vn -0.0000 -0.1609 -0.9870
vn -0.0000 -0.1168 -0.9932
vn 0.1541 -0.1154 -0.9813
vn 0.1403 -0.1745 -0.9746
vn -0.0000 0.2291 -0.9734
vn 0.1060 0.2247 -0.9686
vn -0.0000 -0.2739 -0.9617
vn -0.1131 -0.2899 -0.9503
vn -0.1403 -0.1745 -0.9746
vn -0.0000 -0.4206 -0.9073
vn -0.0773 -0.4427 -0.8933
vn -0.0000 -0.5902 -0.8073
vn -0.0359 -0.6106 -0.7911
vn -0.0000 -0.7398 -0.6728
vn 0.0020 -0.7545 -0.6563
vn -0.0000 -0.8552 -0.5184
vn 0.0329 -0.8637 -0.5030
vn -0.0000 -0.9361 -0.3516
vn 0.0563 -0.9391 -0.3391
vn -0.0000 -0.9840 -0.1781
vn 0.0722 -0.9828 -0.1698
vn -0.0000 -1.0000 -0.0016
vn 0.0808 -0.9967 0.0016
vn -0.0000 -0.9846 0.1750
vn 0.0820 -0.9815 0.1728
vn -0.0000 -0.9372 0.3487
vn 0.0757 -0.9368 0.3416
vn -0.0000 -0.8567 0.5159
vn 0.0617 -0.8610 0.5048
vn -0.0000 -0.7416 0.6709
vn 0.0397 -0.7522 0.6577
vn -0.0000 -0.5919 0.8060
vn 0.0097 -0.6092 0.7929
vn -0.0000 -0.4626 0.8866
vn -0.0188 -0.4744 0.8801
vn -0.0000 -0.3434 0.9392
vn -0.0445 -0.3616 0.9313
vn -0.0690 -0.2561 0.9642
vn -0.0000 0.2160 -0.9764
vn 0.1082 0.2147 -0.9707
vn -0.0000 0.3820 0.9242
vn -0.1715 0.3903 0.9046
vn -0.1945 0.1002 0.9758
vn -0.0000 0.0900 0.9959
vn -0.0000 -0.2109 0.9775
vn -0.2037 -0.2053 0.9573
vn -0.2030 -0.3289 0.9223
vn -0.0000 -0.3358 0.9419
vn -0.0000 0.5019 0.8649
vn -0.1590 0.4955 0.8539
vn 0.0081 1.0000 -0.0000
vn -0.0000 -1.0000 -0.0000
vn 0.0664 -0.9978 -0.0000
vn -0.1138 -0.0765 -0.9906
vn -0.1147 -0.0248 -0.9931
vn -0.1135 0.1321 -0.9847
vn -0.1163 0.0723 -0.9906
vn 0.0724 0.2418 0.9676
vn 0.0262 0.4090 0.9122
vn -0.0316 0.5897 0.8070
vn -0.0874 0.7364 0.6709
vn -0.1387 0.8457 0.5153
vn -0.1841 0.9187 0.3494
vn -0.2231 0.9581 0.1795
vn -0.2422 0.9666 0.0837
vn -0.0883 -0.3050 -0.9482
vn -0.0897 -0.3130 -0.9455
vn -0.0927 -0.2937 -0.9514
vn 0.0565 0.3179 0.9464
vn 0.0390 0.4339 0.9001
vn 0.0094 0.6115 0.7912
vn -0.0176 0.7556 0.6548
vn -0.0411 0.8646 0.5008
vn -0.0607 0.9396 0.3368
vn -0.0763 0.9829 0.1677
vn -0.0853 0.9955 0.0408
vn -0.1862 0.2158 0.9585
vn -0.1843 0.1095 0.9768
vn -0.1845 0.4196 0.8888
vn -0.1768 0.5975 0.7822
vn -0.1641 0.7433 0.6485
vn -0.1479 0.8552 0.4967
vn -0.1291 0.9337 0.3339
vn -0.1087 0.9803 0.1649
vn -0.0928 0.9949 0.0390
vn 0.1812 -0.0000 0.9835
vn 0.1942 0.2801 0.9401
vn 0.1830 0.4928 0.8507
vn 0.1370 -0.6679 0.7315
vn 0.1625 -0.4990 0.8512
vn 0.0916 0.9525 0.2903
vn -0.0522 -0.9553 0.2911
vn 0.1829 -0.2807 0.9422
vn 0.1641 0.6651 0.7285
vn 0.2485 0.2887 -0.9246
vn 0.1807 -0.9504 -0.2533
vn 0.1447 -0.9061 -0.3975
vn 0.0890 -0.8087 -0.5814
vn -0.1137 -0.2627 -0.9582
vn -0.0923 -0.2899 -0.9526
vn -0.0934 -0.2857 -0.9538
vn -0.1091 0.2045 -0.9728
vn -0.1100 0.1955 -0.9745
vn -0.0779 -0.2192 0.9726
vn 0.1749 0.1452 0.9738
vn -0.1078 0.2186 -0.9698
vn -0.1051 0.2296 -0.9676
vn -0.1541 -0.1154 -0.9813
vn -0.1060 0.2247 -0.9686
vn 0.1131 -0.2899 -0.9503
vn 0.0773 -0.4427 -0.8933
vn 0.0359 -0.6106 -0.7911
vn -0.0020 -0.7545 -0.6563
vn -0.0329 -0.8637 -0.5030
vn -0.0563 -0.9391 -0.3391
vn -0.0722 -0.9828 -0.1698
vn -0.0808 -0.9967 0.0016
vn -0.0820 -0.9815 0.1728
vn -0.0757 -0.9368 0.3416
vn -0.0617 -0.8610 0.5048
vn -0.0397 -0.7522 0.6577
vn -0.0097 -0.6092 0.7929
vn 0.0188 -0.4744 0.8801
vn 0.0445 -0.3616 0.9313
vn -0.1082 0.2147 -0.9707
vn 0.1945 0.1002 0.9758
vn 0.1715 0.3903 0.9046
vn 0.2030 -0.3289 0.9223
vn 0.2037 -0.2053 0.9573
vn 0.1590 0.4955 0.8539
vn -0.0081 1.0000 -0.0000
vn -0.0664 -0.9978 -0.0000
vn 0.0359 -0.6107 -0.7911
vn 0.0772 -0.4427 -0.8933
vn 0.0723 -0.9828 -0.1698
vn -0.0772 -0.4427 -0.8933
vn -0.0000 -0.2969 -0.9549
vn -0.0000 -0.9549 0.2969
vn -0.0000 0.2969 0.9549
vn -0.0000 0.9549 -0.2969
vn -0.3251 -0.8881 0.3251
vn -0.3251 -0.3251 0.8881
vn -0.8881 -0.3251 0.3251
vn -0.3251 0.3251 0.8881
vn -0.3251 0.8881 0.3251
vn -0.8881 0.3251 0.3251
vn -0.3251 -0.8881 -0.3251
vn -0.8881 -0.3251 -0.3251
vn -0.3251 -0.3251 -0.8881
vn -0.3251 0.8881 -0.3251
vn -0.3251 0.3251 -0.8881
vn -0.8881 0.3251 -0.3251
vn 0.3251 -0.8881 0.3251
vn 0.8881 -0.3251 0.3251
vn 0.3251 -0.3251 0.8881
vn 0.3251 0.8881 0.3251
vn 0.3251 0.3251 0.8881
vn 0.8881 0.3251 0.3251
vn 0.3251 -0.8881 -0.3251
vn 0.3251 -0.3251 -0.8881
vn 0.8881 -0.3251 -0.3251
vn 0.3251 0.8881 -0.3251
vn 0.8881 0.3251 -0.3251
vn 0.3251 0.3251 -0.8881
vn -0.3251 -0.5741 -0.7515
vn -0.3251 -0.9445 -0.0467
vn -0.8881 -0.4069 -0.2139
vn -0.3251 -0.7515 0.5741
vn -0.3251 -0.0467 0.9445
vn -0.8881 -0.2139 0.4069
vn -0.3251 0.0467 -0.9445
vn -0.8881 0.2139 -0.4069
vn -0.3251 0.7515 -0.5741
vn -0.3251 0.5741 0.7515
vn -0.3250 0.9445 0.0467
vn -0.8881 0.4069 0.2139
vn 0.3251 -0.5741 -0.7515
vn 0.8881 -0.4069 -0.2139
vn 0.3251 -0.9445 -0.0467
vn 0.3251 -0.0467 0.9445
vn 0.3251 -0.7515 0.5741
vn 0.8881 -0.2139 0.4069
vn 0.3251 0.0467 -0.9445
vn 0.3251 0.7515 -0.5741
vn 0.8881 0.2139 -0.4069
vn 0.3251 0.5741 0.7515
vn 0.8881 0.4069 0.2139
vn 0.3250 0.9445 0.0467
vn -0.3250 -0.9445 -0.0467
vn -0.3251 0.9445 0.0467
vn 0.3250 -0.9445 -0.0467
vn 0.3251 0.9445 0.0467
vn -0.3827 -0.9239 -0.0000
vn -0.9239 -0.3827 -0.0000
vn -0.3827 -0.0000 0.9239
vn -0.9239 -0.0000 0.3827
vn -0.3827 0.9239 -0.0000
vn -0.9239 0.3827 -0.0000
vn -0.3827 -0.0000 -0.9239
vn -0.9239 -0.0000 -0.3827
vn -0.0000 -0.9239 -0.3827
vn -0.0000 -0.3827 -0.9239
vn -0.0000 0.9239 -0.3827
vn -0.0000 0.3827 -0.9239
vn 0.9239 -0.0000 -0.3827
vn 0.3827 -0.0000 -0.9239
vn 0.3827 -0.9239 -0.0000
vn 0.9239 -0.3827 -0.0000
vn 0.3827 0.9239 -0.0000
vn 0.9239 0.3827 -0.0000
vn 0.3827 -0.0000 0.9239
vn 0.9239 -0.0000 0.3827
vn -0.0000 -0.9239 0.3827
vn -0.0000 -0.3827 0.9239
vn -0.0000 0.9239 0.3827
vn -0.0000 0.3827 0.9239
vn -0.3827 -0.2743 -0.8822
vn -0.9239 -0.1136 -0.3654
vn -0.3827 -0.8822 0.2743
vn -0.9239 -0.3654 0.1136
vn -0.3827 0.2743 0.8822
vn -0.9239 0.1136 0.3654
vn -0.3827 0.8822 -0.2743
vn -0.9239 0.3654 -0.1136
vn -0.0000 0.0911 -0.9958
vn -0.0000 0.7686 -0.6397
vn -0.0000 0.6397 0.7686
vn -0.0000 0.9958 0.0911
vn 0.9239 0.3654 -0.1136
vn 0.3827 0.8822 -0.2743
vn 0.3827 -0.2743 -0.8822
vn 0.9239 -0.1136 -0.3654
vn 0.3827 0.2743 0.8822
vn 0.9239 0.1136 0.3654
vn 0.3827 -0.8822 0.2743
vn 0.9239 -0.3654 0.1136
vn -0.0000 -0.6397 -0.7686
vn -0.0000 -0.9958 -0.0911
vn -0.0000 -0.0911 0.9958
vn -0.0000 -0.7686 0.6397
vt 0.814230 0.147574
vt 0.826785 0.147574
vt 0.826785 0.153463
vt 0.814230 0.153463
vt 0.826785 0.158450
vt 0.814230 0.158450
vt 0.304987 0.798164
vt 0.293875 0.797877
vt 0.293566 0.789184
vt 0.305222 0.789485
vt 0.257675 0.779539
vt 0.258373 0.770050
vt 0.262110 0.769954
vt 0.265348 0.779341
vt 0.445415 0.804368
vt 0.440504 0.802866
vt 0.441184 0.792988
vt 0.446259 0.793119
vt 0.814230 0.175150
vt 0.826785 0.175150
vt 0.826785 0.191849
vt 0.814230 0.191849
vt 0.142467 0.800663
vt 0.126159 0.801084
vt 0.128435 0.792340
vt 0.145030 0.791912
vt 0.103962 0.802866
vt 0.099051 0.804369
vt 0.098207 0.793119
vt 0.103282 0.792988
vt 0.102702 0.835651
vt 0.102358 0.840330
vt 0.090855 0.838982
vt 0.090840 0.832937
vt 0.442108 0.840330
vt 0.441764 0.835651
vt 0.453626 0.832936
vt 0.453611 0.838982
vt 0.103103 0.831150
vt 0.091278 0.827842
vt 0.441363 0.831150
vt 0.453188 0.827842
vt 0.104052 0.826987
vt 0.095327 0.821249
vt 0.440414 0.826987
vt 0.449138 0.821249
vt 0.105341 0.823326
vt 0.099894 0.815618
vt 0.439125 0.823326
vt 0.444572 0.815618
vt 0.108926 0.820256
vt 0.104642 0.812743
vt 0.435540 0.820256
vt 0.439824 0.812743
vt 0.113046 0.817938
vt 0.110615 0.811297
vt 0.431420 0.817938
vt 0.433851 0.811297
vt 0.117543 0.816460
vt 0.117169 0.810494
vt 0.426923 0.816460
vt 0.427297 0.810494
vt 0.122258 0.815861
vt 0.123884 0.809827
vt 0.422207 0.815861
vt 0.420582 0.809827
vt 0.927229 0.216778
vt 0.927229 0.221356
vt 0.902118 0.221356
vt 0.902118 0.216778
vt 0.927229 0.225764
vt 0.902118 0.225764
vt 0.927229 0.229882
vt 0.902118 0.229882
vt 0.927229 0.233534
vt 0.902118 0.233534
vt 0.851896 0.025766
vt 0.851896 0.029770
vt 0.826785 0.029770
vt 0.826785 0.025766
vt 0.851896 0.034147
vt 0.826785 0.034147
vt 0.851896 0.038730
vt 0.826785 0.038730
vt 0.851896 0.043358
vt 0.826785 0.043358
vt 0.070981 0.957960
vt 0.066804 0.958067
vt 0.067969 0.953548
vt 0.072146 0.953440
vt 0.069816 0.962479
vt 0.065639 0.962587
vt 0.477662 0.958067
vt 0.473485 0.957960
vt 0.472320 0.953440
vt 0.476497 0.953548
vt 0.478827 0.962587
vt 0.474650 0.962479
vt 0.467909 0.965200
vt 0.474405 0.971972
vt 0.470821 0.968903
vt 0.076556 0.965200
vt 0.073645 0.968903
vt 0.070061 0.971972
vt 0.889562 0.354033
vt 0.877007 0.354033
vt 0.877007 0.348824
vt 0.889562 0.348824
vt 0.877007 0.343205
vt 0.889562 0.343205
vt 0.877007 0.337913
vt 0.889562 0.337913
vt 0.877007 0.333151
vt 0.889562 0.333151
vt 0.924114 0.353461
vt 0.924114 0.366016
vt 0.919102 0.366016
vt 0.919102 0.353461
vt 0.913624 0.366016
vt 0.913624 0.353461
vt 0.907889 0.366016
vt 0.907889 0.353461
vt 0.902118 0.366016
vt 0.902118 0.353461
vt 0.079942 0.956483
vt 0.081186 0.951218
vt 0.086653 0.952203
vt 0.085932 0.957504
vt 0.463280 0.951218
vt 0.464524 0.956483
vt 0.458534 0.957504
vt 0.457812 0.952203
vt 0.078682 0.961007
vt 0.084356 0.963165
vt 0.465783 0.961007
vt 0.460110 0.963165
vt 0.081695 0.968413
vt 0.462771 0.968413
vt 0.078052 0.973047
vt 0.466414 0.973047
vt 0.073566 0.976888
vt 0.470900 0.976888
vt 0.065941 0.974291
vt 0.068410 0.979790
vt 0.478525 0.974291
vt 0.476056 0.979790
vt 0.061444 0.975769
vt 0.062781 0.981640
vt 0.483022 0.975769
vt 0.481685 0.981640
vt 0.054915 0.975867
vt 0.056897 0.982367
vt 0.489551 0.975867
vt 0.487569 0.982367
vt 0.073311 0.948921
vt 0.814230 0.030233
vt 0.826785 0.030233
vt 0.826785 0.034700
vt 0.814230 0.034700
vt 0.814230 0.025766
vt 0.483324 0.964065
vt 0.487831 0.967913
vt 0.457840 0.892101
vt 0.449981 0.893789
vt 0.448599 0.888449
vt 0.456476 0.886744
vt 0.814230 0.095851
vt 0.826785 0.095851
vt 0.826785 0.101130
vt 0.814230 0.101130
vt 0.462033 0.891599
vt 0.460651 0.886259
vt 0.448347 0.863438
vt 0.452437 0.873571
vt 0.444362 0.877540
vt 0.441530 0.870614
vt 0.108273 0.860843
vt 0.102936 0.870614
vt 0.096119 0.863438
vt 0.103778 0.854350
vt 0.877007 0.025766
vt 0.877007 0.030612
vt 0.851896 0.030612
vt 0.877007 0.036089
vt 0.851896 0.036089
vt 0.877007 0.041878
vt 0.851896 0.041878
vt 0.101857 0.889469
vt 0.100491 0.894715
vt 0.094485 0.893789
vt 0.095867 0.888449
vt 0.443975 0.894715
vt 0.442609 0.889469
vt 0.103116 0.884946
vt 0.097443 0.882788
vt 0.441350 0.884946
vt 0.447023 0.882788
vt 0.105242 0.880753
vt 0.100104 0.877540
vt 0.439224 0.880753
vt 0.108153 0.877050
vt 0.436313 0.877050
vt 0.111738 0.873980
vt 0.432728 0.873980
vt 0.436193 0.860843
vt 0.115858 0.871662
vt 0.113323 0.862957
vt 0.428608 0.871662
vt 0.431143 0.862957
vt 0.120355 0.870184
vt 0.118972 0.863805
vt 0.424111 0.870184
vt 0.425494 0.863805
vt 0.125056 0.869603
vt 0.124901 0.863586
vt 0.419410 0.869603
vt 0.419565 0.863586
vt 0.889562 0.410942
vt 0.889562 0.416143
vt 0.877007 0.416143
vt 0.877007 0.410942
vt 0.889562 0.420632
vt 0.877007 0.420632
vt 0.889562 0.424861
vt 0.877007 0.424861
vt 0.889562 0.428666
vt 0.877007 0.428666
vt 0.839341 0.307720
vt 0.839341 0.311725
vt 0.826785 0.311725
vt 0.826785 0.307720
vt 0.839341 0.316102
vt 0.826785 0.316102
vt 0.839341 0.320685
vt 0.826785 0.320685
vt 0.839341 0.325296
vt 0.826785 0.325296
vt 0.923520 0.403683
vt 0.923520 0.416238
vt 0.917791 0.416238
vt 0.917791 0.403683
vt 0.912173 0.416238
vt 0.912173 0.403683
vt 0.906880 0.416238
vt 0.906880 0.403683
vt 0.902118 0.416238
vt 0.902118 0.403683
vt 0.839341 0.446043
vt 0.826785 0.446043
vt 0.826785 0.441031
vt 0.839341 0.441031
vt 0.826785 0.435553
vt 0.839341 0.435553
vt 0.826785 0.429818
vt 0.839341 0.429818
vt 0.826785 0.424047
vt 0.839341 0.424047
vt 0.250710 0.841189
vt 0.251054 0.836510
vt 0.257130 0.836354
vt 0.256700 0.842210
vt 0.293412 0.836510
vt 0.293756 0.841189
vt 0.287766 0.842210
vt 0.287336 0.836354
vt 0.249451 0.845713
vt 0.255124 0.847871
vt 0.295015 0.845713
vt 0.289342 0.847871
vt 0.247324 0.849906
vt 0.252463 0.853119
vt 0.297142 0.849906
vt 0.292003 0.853119
vt 0.244413 0.853609
vt 0.248820 0.857753
vt 0.300053 0.853609
vt 0.295646 0.857753
vt 0.240829 0.856678
vt 0.244334 0.861594
vt 0.303637 0.856678
vt 0.300132 0.861594
vt 0.236709 0.858997
vt 0.239178 0.864496
vt 0.307757 0.858997
vt 0.305288 0.864496
vt 0.232212 0.860475
vt 0.233549 0.866346
vt 0.312254 0.860475
vt 0.310917 0.866346
vt 0.227510 0.861056
vt 0.227665 0.867073
vt 0.316956 0.861056
vt 0.316801 0.867073
vt 0.851896 0.146623
vt 0.851896 0.142017
vt 0.877007 0.142017
vt 0.877007 0.146623
vt 0.851896 0.151062
vt 0.877007 0.151062
vt 0.851896 0.155164
vt 0.877007 0.155164
vt 0.851896 0.158772
vt 0.877007 0.158772
vt 0.902118 0.120346
vt 0.902118 0.116577
vt 0.927229 0.116577
vt 0.927229 0.120346
vt 0.902118 0.124549
vt 0.927229 0.124549
vt 0.902118 0.129025
vt 0.927229 0.129025
vt 0.902118 0.133602
vt 0.927229 0.133602
vt 0.902118 0.139427
vt 0.927229 0.139427
vt 0.927229 0.145251
vt 0.902118 0.145251
vt 0.256976 0.830366
vt 0.250899 0.830522
vt 0.250745 0.824534
vt 0.256822 0.824378
vt 0.293567 0.830522
vt 0.287490 0.830366
vt 0.287644 0.824378
vt 0.293721 0.824534
vt 0.256667 0.818390
vt 0.256513 0.812402
vt 0.259963 0.813488
vt 0.263987 0.818201
vt 0.293875 0.818546
vt 0.287799 0.818390
vt 0.287953 0.812402
vt 0.294030 0.812558
vt 0.283946 0.835091
vt 0.280171 0.830177
vt 0.902118 0.151076
vt 0.927229 0.151076
vt 0.927229 0.156900
vt 0.902118 0.156900
vt 0.250591 0.818546
vt 0.250436 0.812558
vt 0.851896 0.059531
vt 0.826785 0.059531
vt 0.250282 0.806570
vt 0.256359 0.806414
vt 0.288107 0.806414
vt 0.294184 0.806570
vt 0.927229 0.038321
vt 0.927229 0.025766
vt 0.933046 0.025766
vt 0.933046 0.038321
vt 0.139905 0.809415
vt 0.139060 0.815428
vt 0.405406 0.815428
vt 0.404561 0.809415
vt 0.433954 0.802051
vt 0.426310 0.801537
vt 0.425323 0.792579
vt 0.434056 0.792805
vt 0.902118 0.354033
vt 0.902118 0.410942
vt 0.471155 0.948921
vt 0.907162 0.453905
vt 0.907162 0.441349
vt 0.913128 0.441349
vt 0.913128 0.453905
vt 0.918796 0.453905
vt 0.918796 0.441349
vt 0.923104 0.441349
vt 0.923104 0.453905
vt 0.930710 0.188986
vt 0.930710 0.201542
vt 0.927229 0.201542
vt 0.927229 0.188986
vt 0.927229 0.239208
vt 0.927229 0.226653
vt 0.930552 0.226653
vt 0.930552 0.239208
vt 0.265724 0.824148
vt 0.264295 0.830177
vt 0.278742 0.824148
vt 0.280479 0.818201
vt 0.284503 0.813488
vt 0.260520 0.835091
vt 0.902118 0.453905
vt 0.902118 0.441349
vt 0.418306 0.801084
vt 0.416031 0.792340
vt 0.902118 0.203231
vt 0.927229 0.203231
vt 0.440688 0.854350
vt 0.092029 0.873571
vt 0.087294 0.871800
vt 0.902118 0.197224
vt 0.927229 0.197224
vt 0.902118 0.604570
vt 0.908339 0.604570
vt 0.908339 0.617125
vt 0.902118 0.617125
vt 0.911093 0.654792
vt 0.906654 0.654792
vt 0.906654 0.642236
vt 0.911093 0.642236
vt 0.902118 0.654792
vt 0.902118 0.642236
vt 0.908339 0.592014
vt 0.916183 0.592014
vt 0.916183 0.604570
vt 0.826785 0.039168
vt 0.814230 0.039168
vt 0.056635 0.967913
vt 0.061142 0.964065
vt 0.086626 0.892101
vt 0.069134 0.949028
vt 0.082433 0.891599
vt 0.475332 0.949028
vt 0.083815 0.886259
vt 0.087990 0.886744
vt 0.826785 0.108135
vt 0.814230 0.108135
vt 0.454898 0.880490
vt 0.458725 0.879178
vt 0.085741 0.879178
vt 0.089568 0.880490
vt 0.826785 0.115407
vt 0.814230 0.115407
vt 0.457172 0.871800
vt 0.801674 0.147574
vt 0.801674 0.115407
vt 0.131166 0.782799
vt 0.120406 0.783076
vt 0.121668 0.773573
vt 0.133897 0.773258
vt 0.448050 0.783694
vt 0.442103 0.783541
vt 0.443021 0.774094
vt 0.449840 0.774270
vt 0.814230 0.200919
vt 0.826785 0.200919
vt 0.826785 0.209989
vt 0.814230 0.209989
vt 0.305371 0.780018
vt 0.292951 0.779697
vt 0.292336 0.770211
vt 0.305521 0.770551
vt 0.102363 0.783541
vt 0.096416 0.783694
vt 0.094626 0.774270
vt 0.101445 0.774094
vt 0.434042 0.783333
vt 0.424060 0.783076
vt 0.422798 0.773573
vt 0.434028 0.773862
vt 0.147497 0.782378
vt 0.149964 0.772844
vt 0.110424 0.783333
vt 0.110438 0.773862
vt 0.093832 0.807260
vt 0.089716 0.810610
vt 0.088153 0.793378
vt 0.092336 0.793270
vt 0.256667 0.797721
vt 0.250591 0.797877
vt 0.250899 0.789184
vt 0.256976 0.789028
vt 0.454750 0.810610
vt 0.450634 0.807260
vt 0.452130 0.793270
vt 0.456313 0.793378
vt 0.110513 0.802051
vt 0.110409 0.792805
vt 0.287799 0.797721
vt 0.287490 0.789028
vt 0.118156 0.801537
vt 0.119143 0.792579
vt 0.476338 0.684243
vt 0.468195 0.684033
vt 0.477110 0.644749
vt 0.485253 0.644959
vt 0.080979 0.683912
vt 0.076271 0.684033
vt 0.067356 0.644749
vt 0.072064 0.644628
vt 0.889562 0.577378
vt 0.902118 0.577378
vt 0.902118 0.614993
vt 0.889562 0.614993
vt 0.137917 0.757875
vt 0.123461 0.750621
vt 0.110699 0.740686
vt 0.100120 0.728453
vt 0.332135 0.771237
vt 0.329363 0.748259
vt 0.343426 0.756249
vt 0.346237 0.771600
vt 0.282607 0.678548
vt 0.278476 0.639630
vt 0.289476 0.639914
vt 0.292522 0.678804
vt 0.090465 0.783848
vt 0.086225 0.783957
vt 0.084296 0.774536
vt 0.088594 0.774425
vt 0.280125 0.797523
vt 0.278190 0.788788
vt 0.413300 0.782799
vt 0.410569 0.773258
vt 0.458241 0.783957
vt 0.454001 0.783848
vt 0.455872 0.774425
vt 0.460170 0.774536
vt 0.251515 0.779697
vt 0.252130 0.770211
vt 0.286791 0.779539
vt 0.286093 0.770050
vt 0.902118 0.504126
vt 0.902118 0.491571
vt 0.908211 0.491571
vt 0.908211 0.504126
vt 0.268102 0.678387
vt 0.261859 0.678548
vt 0.265990 0.639630
vt 0.272233 0.639469
vt 0.276364 0.678387
vt 0.272233 0.639469
vt 0.864452 0.381664
vt 0.877007 0.381664
vt 0.877007 0.419827
vt 0.864452 0.419827
vt 0.902118 0.554348
vt 0.902118 0.541793
vt 0.906312 0.541793
vt 0.906312 0.554348
vt 0.914260 0.541793
vt 0.914260 0.554348
vt 0.918854 0.541793
vt 0.918854 0.554348
vt 0.068128 0.684243
vt 0.063830 0.684353
vt 0.054915 0.645070
vt 0.059213 0.644959
vt 0.463487 0.683912
vt 0.472402 0.644628
vt 0.480636 0.684353
vt 0.489551 0.645070
vt 0.814230 0.296701
vt 0.826785 0.296701
vt 0.826785 0.334473
vt 0.814230 0.334473
vt 0.256870 0.725548
vt 0.238945 0.770551
vt 0.237271 0.724918
vt 0.239095 0.780018
vt 0.319426 0.780380
vt 0.318629 0.770888
vt 0.304752 0.806843
vt 0.304598 0.812831
vt 0.239868 0.812831
vt 0.239714 0.806843
vt 0.851896 0.166743
vt 0.826785 0.166743
vt 0.826785 0.156570
vt 0.851896 0.156570
vt 0.239479 0.798164
vt 0.239244 0.789485
vt 0.320588 0.798566
vt 0.320223 0.789871
vt 0.889562 0.198322
vt 0.889562 0.236376
vt 0.877007 0.236376
vt 0.877007 0.198322
vt 0.918946 0.504126
vt 0.918946 0.516682
vt 0.908211 0.516682
vt 0.285998 0.710492
vt 0.284313 0.694622
vt 0.295313 0.694906
vt 0.299941 0.710463
vt 0.251944 0.678804
vt 0.254990 0.639914
vt 0.864452 0.365901
vt 0.877007 0.365901
vt 0.278070 0.694461
vt 0.266396 0.694461
vt 0.260153 0.694622
vt 0.814230 0.282113
vt 0.826785 0.282113
vt 0.476906 0.699541
vt 0.472608 0.699431
vt 0.080001 0.699221
vt 0.071858 0.699431
vt 0.464465 0.699221
vt 0.459081 0.699082
vt 0.067560 0.699541
vt 0.085385 0.699082
vt 0.889562 0.182482
vt 0.902118 0.182482
vt 0.902118 0.198322
vt 0.889562 0.167070
vt 0.902118 0.167070
vt 0.889562 0.152585
vt 0.902118 0.152585
vt 0.889562 0.139600
vt 0.902118 0.139600
vt 0.864451 0.661710
vt 0.864451 0.649393
vt 0.877007 0.649393
vt 0.877007 0.661710
vt 0.864451 0.635388
vt 0.877007 0.635388
vt 0.864451 0.620233
vt 0.877007 0.620233
vt 0.864451 0.604511
vt 0.877007 0.604511
vt 0.864451 0.588826
vt 0.877007 0.588826
vt 0.864451 0.573781
vt 0.877007 0.573781
vt 0.864451 0.559953
vt 0.877007 0.559953
vt 0.864451 0.547875
vt 0.877007 0.547875
vt 0.889562 0.524182
vt 0.889562 0.535355
vt 0.877007 0.535355
vt 0.877007 0.524182
vt 0.889562 0.548487
vt 0.877007 0.548487
vt 0.889562 0.562919
vt 0.877007 0.562919
vt 0.877007 0.577378
vt 0.264712 0.710331
vt 0.258468 0.710492
vt 0.279754 0.710331
vt 0.864452 0.350339
vt 0.877007 0.350339
vt 0.249153 0.694906
vt 0.469055 0.715355
vt 0.460911 0.715145
vt 0.092131 0.714390
vt 0.083555 0.715145
vt 0.075411 0.715355
vt 0.071114 0.715465
vt 0.452335 0.714390
vt 0.473352 0.715465
vt 0.814230 0.266799
vt 0.826785 0.266799
vt 0.864452 0.335575
vt 0.877007 0.335575
vt 0.287596 0.725548
vt 0.281352 0.725387
vt 0.263114 0.725387
vt 0.307195 0.724918
vt 0.244525 0.710463
vt 0.864452 0.291778
vt 0.877007 0.291778
vt 0.814230 0.252238
vt 0.826785 0.252238
vt 0.469974 0.730605
vt 0.465676 0.730495
vt 0.086933 0.730285
vt 0.078790 0.730495
vt 0.457532 0.730285
vt 0.444346 0.728453
vt 0.074492 0.730606
vt 0.401999 0.800663
vt 0.399436 0.791912
vt 0.385131 0.800229
vt 0.382887 0.791486
vt 0.368217 0.799793
vt 0.366058 0.791052
vt 0.352110 0.799378
vt 0.350250 0.790645
vt 0.336400 0.798973
vt 0.335236 0.790258
vt 0.396969 0.782378
vt 0.394502 0.772844
vt 0.380170 0.781945
vt 0.377454 0.772404
vt 0.363496 0.781515
vt 0.360934 0.771979
vt 0.348243 0.781122
vt 0.333686 0.780747
vt 0.358776 0.761341
vt 0.374826 0.763340
vt 0.390957 0.762170
vt 0.406549 0.757875
vt 0.421005 0.750621
vt 0.433767 0.740686
vt 0.225040 0.780380
vt 0.225837 0.770888
vt 0.210780 0.780747
vt 0.212331 0.771236
vt 0.196223 0.781122
vt 0.198229 0.771600
vt 0.180970 0.781515
vt 0.183532 0.771979
vt 0.164296 0.781945
vt 0.167012 0.772404
vt 0.320953 0.807260
vt 0.321399 0.813264
vt 0.337564 0.807688
vt 0.338200 0.813697
vt 0.353970 0.808111
vt 0.355002 0.814129
vt 0.370376 0.808534
vt 0.371803 0.814562
vt 0.387375 0.808972
vt 0.388605 0.814995
vt 0.223067 0.813264
vt 0.223513 0.807260
vt 0.206266 0.813697
vt 0.206902 0.807688
vt 0.189464 0.814129
vt 0.190496 0.808111
vt 0.172663 0.814562
vt 0.174090 0.808534
vt 0.155861 0.814995
vt 0.157091 0.808972
vt 0.826785 0.140397
vt 0.851896 0.140397
vt 0.826785 0.124224
vt 0.851896 0.124224
vt 0.826785 0.108051
vt 0.851896 0.108051
vt 0.826785 0.091877
vt 0.851896 0.091877
vt 0.826785 0.075704
vt 0.851896 0.075704
vt 0.223878 0.798566
vt 0.224243 0.789871
vt 0.208066 0.798973
vt 0.209230 0.790258
vt 0.192356 0.799378
vt 0.194216 0.790645
vt 0.176249 0.799793
vt 0.178408 0.791052
vt 0.159335 0.800229
vt 0.161579 0.791486
vt 0.227337 0.737681
vt 0.215103 0.748259
vt 0.201040 0.756249
vt 0.185690 0.761341
vt 0.169640 0.763340
vt 0.153509 0.762170
vt 0.317129 0.737681
vt 0.284370 0.806317
vt 0.279118 0.779341
vt 0.282356 0.769954
vt 0.914673 0.278698
vt 0.927229 0.278698
vt 0.927229 0.287333
vt 0.914673 0.287333
vt 0.914673 0.296463
vt 0.927229 0.296463
vt 0.927229 0.305375
vt 0.914673 0.305375
vt 0.914673 0.269844
vt 0.927229 0.269844
vt 0.927229 0.138765
vt 0.927229 0.126209
vt 0.930826 0.126209
vt 0.930826 0.138765
vt 0.927229 0.088543
vt 0.927229 0.075987
vt 0.930876 0.075987
vt 0.930876 0.088543
vt 0.264341 0.797523
vt 0.260096 0.806317
vt 0.266276 0.788788
vt 0.814230 0.456282
vt 0.814230 0.462170
vt 0.801674 0.462170
vt 0.801674 0.456282
vt 0.814230 0.467157
vt 0.801674 0.467157
vt 0.927834 0.805308
vt 0.927598 0.796629
vt 0.939254 0.796328
vt 0.938946 0.805021
vt 0.540511 0.786683
vt 0.532837 0.786485
vt 0.536075 0.777098
vt 0.539812 0.777194
vt 0.787405 0.811513
vt 0.786562 0.800263
vt 0.791637 0.800132
vt 0.792317 0.810010
vt 0.814230 0.483857
vt 0.814230 0.500556
vt 0.801674 0.500556
vt 0.801674 0.483857
vt 0.655718 0.807808
vt 0.653155 0.799057
vt 0.669751 0.799484
vt 0.672026 0.808228
vt 0.694223 0.810010
vt 0.694903 0.800132
vt 0.699978 0.800263
vt 0.699135 0.811513
vt 0.695483 0.842795
vt 0.707345 0.840081
vt 0.707330 0.846126
vt 0.695827 0.847474
vt 0.790713 0.847474
vt 0.779210 0.846126
vt 0.779195 0.840081
vt 0.791057 0.842795
vt 0.695082 0.838294
vt 0.706907 0.834986
vt 0.779633 0.834986
vt 0.791458 0.838294
vt 0.694133 0.834131
vt 0.702858 0.828393
vt 0.783682 0.828393
vt 0.792407 0.834131
vt 0.692844 0.830470
vt 0.698291 0.822762
vt 0.788249 0.822762
vt 0.793696 0.830470
vt 0.689259 0.827401
vt 0.693543 0.819887
vt 0.792997 0.819887
vt 0.797280 0.827401
vt 0.685140 0.825082
vt 0.687570 0.818441
vt 0.798970 0.818441
vt 0.801400 0.825082
vt 0.680642 0.823604
vt 0.681016 0.817638
vt 0.805524 0.817638
vt 0.805898 0.823604
vt 0.675927 0.823005
vt 0.674301 0.816972
vt 0.812239 0.816972
vt 0.810613 0.823005
vt 0.902118 0.253088
vt 0.927229 0.253088
vt 0.927229 0.257666
vt 0.902118 0.257666
vt 0.927229 0.262074
vt 0.902118 0.262074
vt 0.927229 0.266192
vt 0.902118 0.266192
vt 0.927229 0.269844
vt 0.902118 0.269844
vt 0.851896 0.170747
vt 0.826785 0.170747
vt 0.851896 0.175125
vt 0.826785 0.175125
vt 0.851896 0.179707
vt 0.826785 0.179707
vt 0.851896 0.184335
vt 0.826785 0.184335
vt 0.727204 0.965104
vt 0.726039 0.960584
vt 0.730216 0.960692
vt 0.731381 0.965212
vt 0.728369 0.969623
vt 0.732546 0.969731
vt 0.755159 0.965211
vt 0.756324 0.960692
vt 0.760501 0.960584
vt 0.759336 0.965104
vt 0.753994 0.969731
vt 0.758171 0.969623
vt 0.764911 0.972344
vt 0.762000 0.976047
vt 0.758416 0.979116
vt 0.728124 0.979116
vt 0.724540 0.976047
vt 0.721629 0.972344
vt 0.889562 0.449549
vt 0.889562 0.444340
vt 0.902118 0.444340
vt 0.902118 0.449549
vt 0.889562 0.438721
vt 0.902118 0.438721
vt 0.889562 0.433429
vt 0.902118 0.433429
vt 0.902118 0.428666
vt 0.924114 0.378572
vt 0.919102 0.378572
vt 0.913624 0.378572
vt 0.907889 0.378572
vt 0.902118 0.378572
vt 0.718243 0.963628
vt 0.712253 0.964648
vt 0.711532 0.959347
vt 0.716999 0.958363
vt 0.769541 0.958363
vt 0.775008 0.959347
vt 0.774287 0.964648
vt 0.768297 0.963628
vt 0.719503 0.968151
vt 0.713829 0.970309
vt 0.772711 0.970309
vt 0.767037 0.968151
vt 0.716490 0.975557
vt 0.770050 0.975557
vt 0.720133 0.980191
vt 0.766407 0.980191
vt 0.724619 0.984032
vt 0.761921 0.984032
vt 0.732244 0.981435
vt 0.729776 0.986934
vt 0.756764 0.986934
vt 0.754296 0.981435
vt 0.736741 0.982913
vt 0.735404 0.988784
vt 0.751136 0.988784
vt 0.749799 0.982913
vt 0.743270 0.983012
vt 0.741288 0.989511
vt 0.745252 0.989511
vt 0.724874 0.956065
vt 0.814230 0.338940
vt 0.814230 0.343407
vt 0.801674 0.343407
vt 0.801674 0.338940
vt 0.814230 0.334473
vt 0.801674 0.334473
vt 0.749497 0.971209
vt 0.744990 0.975057
vt 0.774980 0.899245
vt 0.776345 0.893888
vt 0.784222 0.895593
vt 0.782840 0.900933
vt 0.814230 0.404558
vt 0.814230 0.409837
vt 0.801674 0.409837
vt 0.801674 0.404558
vt 0.770788 0.898743
vt 0.772170 0.893403
vt 0.784473 0.870583
vt 0.791291 0.877758
vt 0.788458 0.884684
vt 0.780384 0.880715
vt 0.689913 0.867987
vt 0.694407 0.861494
vt 0.702066 0.870583
vt 0.695249 0.877758
vt 0.877007 0.163618
vt 0.851896 0.163618
vt 0.877007 0.169095
vt 0.851896 0.169095
vt 0.877007 0.174885
vt 0.851896 0.174885
vt 0.696328 0.896613
vt 0.702318 0.895593
vt 0.703700 0.900933
vt 0.697694 0.901859
vt 0.788845 0.901859
vt 0.790212 0.896613
vt 0.695069 0.892090
vt 0.700742 0.889932
vt 0.785798 0.889932
vt 0.791471 0.892090
vt 0.692943 0.887897
vt 0.698081 0.884684
vt 0.793597 0.887897
vt 0.690032 0.884194
vt 0.796508 0.884194
vt 0.686447 0.881125
vt 0.796627 0.867987
vt 0.800093 0.881125
vt 0.682327 0.878806
vt 0.684862 0.870101
vt 0.801678 0.870101
vt 0.804213 0.878806
vt 0.677830 0.877328
vt 0.679213 0.870949
vt 0.807326 0.870949
vt 0.808710 0.877328
vt 0.673129 0.876747
vt 0.673284 0.870730
vt 0.813256 0.870730
vt 0.813411 0.876747
vt 0.889562 0.506458
vt 0.902118 0.506458
vt 0.902118 0.511658
vt 0.889562 0.511658
vt 0.902118 0.516147
vt 0.889562 0.516147
vt 0.902118 0.520376
vt 0.889562 0.520376
vt 0.902118 0.524182
vt 0.851896 0.446043
vt 0.851896 0.450047
vt 0.839341 0.450047
vt 0.851896 0.454425
vt 0.839341 0.454425
vt 0.851896 0.459007
vt 0.839341 0.459007
vt 0.851896 0.463618
vt 0.839341 0.463618
vt 0.923520 0.428794
vt 0.917791 0.428794
vt 0.917791 0.416238
vt 0.923520 0.416238
vt 0.912173 0.428794
vt 0.912173 0.416238
vt 0.906880 0.428794
vt 0.906880 0.416238
vt 0.902118 0.428794
vt 0.902118 0.416238
vt 0.839341 0.584365
vt 0.839341 0.579354
vt 0.851896 0.579354
vt 0.851896 0.584365
vt 0.839341 0.573875
vt 0.851896 0.573875
vt 0.839341 0.568140
vt 0.851896 0.568140
vt 0.839341 0.562369
vt 0.851896 0.562369
vt 0.547475 0.848334
vt 0.541485 0.849354
vt 0.541055 0.843498
vt 0.547131 0.843654
vt 0.939408 0.843654
vt 0.945485 0.843498
vt 0.945054 0.849354
vt 0.939064 0.848333
vt 0.548735 0.852857
vt 0.543061 0.855015
vt 0.943479 0.855015
vt 0.937805 0.852857
vt 0.550861 0.857050
vt 0.545722 0.860263
vt 0.940818 0.860263
vt 0.935679 0.857050
vt 0.553772 0.860753
vt 0.549365 0.864897
vt 0.937174 0.864897
vt 0.932768 0.860753
vt 0.557356 0.863822
vt 0.553851 0.868738
vt 0.932689 0.868738
vt 0.929184 0.863822
vt 0.561476 0.866141
vt 0.559007 0.871640
vt 0.927532 0.871640
vt 0.925064 0.866141
vt 0.565973 0.867619
vt 0.564636 0.873490
vt 0.921904 0.873490
vt 0.920567 0.867619
vt 0.570675 0.868200
vt 0.570520 0.874217
vt 0.916020 0.874217
vt 0.915865 0.868200
vt 0.877007 0.279629
vt 0.851896 0.279629
vt 0.851896 0.275024
vt 0.877007 0.275024
vt 0.877007 0.284068
vt 0.851896 0.284068
vt 0.877007 0.288171
vt 0.851896 0.288171
vt 0.851896 0.291778
vt 0.927229 0.160669
vt 0.902118 0.160669
vt 0.902118 0.156900
vt 0.927229 0.164872
vt 0.902118 0.164872
vt 0.927229 0.169348
vt 0.902118 0.169348
vt 0.927229 0.173926
vt 0.902118 0.173926
vt 0.927229 0.179750
vt 0.927229 0.185575
vt 0.902118 0.185575
vt 0.902118 0.179750
vt 0.541209 0.837510
vt 0.541363 0.831522
vt 0.547440 0.831678
vt 0.547286 0.837667
vt 0.939254 0.837666
vt 0.939100 0.831678
vt 0.945176 0.831522
vt 0.945331 0.837510
vt 0.541518 0.825534
vt 0.534198 0.825345
vt 0.538222 0.820632
vt 0.541672 0.819546
vt 0.938946 0.825690
vt 0.938791 0.819702
vt 0.944868 0.819546
vt 0.945022 0.825534
vt 0.952650 0.837321
vt 0.948874 0.842235
vt 0.927229 0.191399
vt 0.902118 0.191399
vt 0.547749 0.819702
vt 0.547594 0.825691
vt 0.826785 0.200509
vt 0.851896 0.200509
vt 0.541826 0.813558
vt 0.547903 0.813714
vt 0.938637 0.813714
vt 0.944713 0.813558
vt 0.933046 0.063432
vt 0.927229 0.063432
vt 0.927229 0.050876
vt 0.933046 0.050876
vt 0.658280 0.816559
vt 0.659125 0.822572
vt 0.827415 0.822572
vt 0.828260 0.816559
vt 0.798867 0.809195
vt 0.798764 0.799949
vt 0.807498 0.799724
vt 0.806511 0.808681
vt 0.877007 0.506458
vt 0.877007 0.449549
vt 0.761666 0.956065
vt 0.907162 0.479015
vt 0.913128 0.479015
vt 0.913128 0.491571
vt 0.907162 0.491571
vt 0.918796 0.479015
vt 0.923104 0.479015
vt 0.923104 0.491571
vt 0.918796 0.491571
vt 0.927229 0.214097
vt 0.930710 0.214097
vt 0.930710 0.226653
vt 0.927229 0.226653
vt 0.930553 0.264319
vt 0.927229 0.264319
vt 0.927229 0.251764
vt 0.930553 0.251764
vt 0.533890 0.837321
vt 0.532461 0.831292
vt 0.952342 0.825345
vt 0.954079 0.831292
vt 0.948318 0.820632
vt 0.537666 0.842235
vt 0.902118 0.479015
vt 0.902118 0.491571
vt 0.816789 0.799484
vt 0.814514 0.808228
vt 0.902118 0.239542
vt 0.927229 0.239542
vt 0.792133 0.861494
vt 0.706156 0.880715
vt 0.710891 0.878945
vt 0.927229 0.233534
vt 0.902118 0.629681
vt 0.908339 0.629681
vt 0.911093 0.679902
vt 0.911093 0.692458
vt 0.906654 0.692458
vt 0.906654 0.679902
vt 0.902118 0.692458
vt 0.902118 0.679902
vt 0.916183 0.629681
vt 0.916183 0.642236
vt 0.908339 0.642236
vt 0.814230 0.347875
vt 0.801674 0.347875
vt 0.737043 0.971209
vt 0.741550 0.975058
vt 0.711560 0.899245
vt 0.715752 0.898743
vt 0.729051 0.956173
vt 0.757489 0.956173
vt 0.710195 0.893888
vt 0.714370 0.893403
vt 0.814230 0.416842
vt 0.801674 0.416842
vt 0.777923 0.887635
vt 0.774096 0.886322
vt 0.708618 0.887635
vt 0.712444 0.886322
vt 0.814230 0.424114
vt 0.801674 0.424114
vt 0.775649 0.878945
vt 0.826785 0.424114
vt 0.826785 0.456282
vt 0.667019 0.789943
vt 0.664288 0.780402
vt 0.676517 0.780717
vt 0.677780 0.790220
vt 0.784771 0.790838
vt 0.782981 0.781414
vt 0.789799 0.781238
vt 0.790718 0.790685
vt 0.814230 0.509626
vt 0.814230 0.518696
vt 0.801674 0.518696
vt 0.801674 0.509626
vt 0.927449 0.787162
vt 0.927300 0.777695
vt 0.940484 0.777355
vt 0.939869 0.786842
vt 0.695822 0.790685
vt 0.696740 0.781238
vt 0.703559 0.781414
vt 0.701769 0.790838
vt 0.798779 0.790478
vt 0.798793 0.781006
vt 0.810023 0.780717
vt 0.808760 0.790220
vt 0.650688 0.789522
vt 0.648221 0.779988
vt 0.687747 0.781006
vt 0.687761 0.790478
vt 0.704354 0.814404
vt 0.705849 0.800415
vt 0.710032 0.800522
vt 0.708470 0.817754
vt 0.541518 0.804865
vt 0.541209 0.796172
vt 0.547286 0.796328
vt 0.547594 0.805021
vt 0.778070 0.817754
vt 0.776508 0.800522
vt 0.780691 0.800415
vt 0.782186 0.814404
vt 0.687673 0.809195
vt 0.687776 0.799949
vt 0.945331 0.796172
vt 0.945022 0.804865
vt 0.679042 0.799724
vt 0.680029 0.808681
vt 0.756482 0.691387
vt 0.747567 0.652103
vt 0.755711 0.651893
vt 0.764626 0.691177
vt 0.717206 0.691056
vt 0.726121 0.651772
vt 0.730829 0.651893
vt 0.721914 0.691177
vt 0.914673 0.078962
vt 0.914673 0.116577
vt 0.902118 0.078962
vt 0.660269 0.765019
vt 0.674724 0.757765
vt 0.687486 0.747831
vt 0.698065 0.735597
vt 0.900686 0.778381
vt 0.886584 0.778744
vt 0.889395 0.763393
vt 0.903458 0.755404
vt 0.950214 0.685692
vt 0.940298 0.685948
vt 0.943345 0.647058
vt 0.954345 0.646774
vt 0.707720 0.790992
vt 0.709592 0.781569
vt 0.713889 0.781680
vt 0.711960 0.791101
vt 0.954631 0.795932
vt 0.952696 0.804667
vt 0.822252 0.780402
vt 0.819521 0.789943
vt 0.774579 0.791101
vt 0.772651 0.781680
vt 0.776948 0.781569
vt 0.778820 0.790992
vt 0.546056 0.777355
vt 0.546671 0.786842
vt 0.946728 0.777194
vt 0.946029 0.786683
vt 0.902118 0.529237
vt 0.908211 0.529237
vt 0.908211 0.541793
vt 0.530083 0.685531
vt 0.525952 0.646614
vt 0.532195 0.646775
vt 0.536326 0.685692
vt 0.960588 0.646614
vt 0.956457 0.685531
vt 0.864452 0.509712
vt 0.864452 0.547875
vt 0.851896 0.547875
vt 0.851896 0.509712
vt 0.902118 0.579459
vt 0.906312 0.579459
vt 0.906312 0.592014
vt 0.902118 0.592014
vt 0.914260 0.579459
vt 0.914260 0.592014
vt 0.918854 0.579459
vt 0.918854 0.592014
vt 0.730057 0.691387
vt 0.738972 0.652103
vt 0.743270 0.652214
vt 0.734355 0.691498
vt 0.760419 0.651772
vt 0.769334 0.691056
vt 0.752185 0.691498
vt 0.814230 0.605408
vt 0.814230 0.643180
vt 0.801674 0.643180
vt 0.801674 0.605408
vt 0.541315 0.732692
vt 0.560914 0.732062
vt 0.559240 0.777695
vt 0.559091 0.787162
vt 0.913395 0.787524
vt 0.914192 0.778033
vt 0.928223 0.819975
vt 0.928069 0.813987
vt 0.558471 0.813987
vt 0.558317 0.819975
vt 0.826785 0.307720
vt 0.826785 0.297548
vt 0.851896 0.297548
vt 0.851896 0.307720
vt 0.558941 0.796629
vt 0.558706 0.805308
vt 0.912233 0.805710
vt 0.912598 0.797015
vt 0.889562 0.295098
vt 0.902118 0.295098
vt 0.902118 0.333151
vt 0.889562 0.333151
vt 0.918946 0.529237
vt 0.946823 0.717636
vt 0.932880 0.717607
vt 0.937508 0.702050
vt 0.948507 0.701766
vt 0.543195 0.647058
vt 0.546242 0.685948
vt 0.864452 0.493949
vt 0.851896 0.493949
vt 0.954751 0.701605
vt 0.531789 0.701606
vt 0.538032 0.701766
vt 0.814230 0.590820
vt 0.801674 0.590820
vt 0.755915 0.706685
vt 0.760212 0.706575
vt 0.718184 0.706365
vt 0.726328 0.706575
vt 0.768356 0.706365
vt 0.773739 0.706226
vt 0.730625 0.706685
vt 0.712801 0.706226
vt 0.877007 0.295098
vt 0.877007 0.279257
vt 0.889562 0.279257
vt 0.877007 0.263845
vt 0.889562 0.263845
vt 0.877007 0.249360
vt 0.889562 0.249360
vt 0.877007 0.236376
vt 0.877007 0.139600
vt 0.877007 0.127284
vt 0.889562 0.127284
vt 0.877007 0.113279
vt 0.889562 0.113279
vt 0.877007 0.098124
vt 0.889562 0.098124
vt 0.877007 0.082402
vt 0.889562 0.082402
vt 0.877007 0.066717
vt 0.889562 0.066717
vt 0.877007 0.051672
vt 0.889562 0.051672
vt 0.877007 0.037844
vt 0.889562 0.037844
vt 0.889562 0.025766
vt 0.914673 0.025766
vt 0.927229 0.025766
vt 0.927229 0.036939
vt 0.914673 0.036939
vt 0.927229 0.050071
vt 0.914673 0.050071
vt 0.927229 0.064503
vt 0.914673 0.064503
vt 0.927229 0.078962
vt 0.533474 0.717475
vt 0.539717 0.717636
vt 0.953066 0.717475
vt 0.864452 0.478387
vt 0.851896 0.478387
vt 0.549032 0.702050
vt 0.763766 0.722499
vt 0.771909 0.722289
vt 0.706054 0.721534
vt 0.714630 0.722289
vt 0.722774 0.722499
vt 0.727071 0.722610
vt 0.780486 0.721534
vt 0.759468 0.722610
vt 0.814230 0.575506
vt 0.801674 0.575506
vt 0.864452 0.463624
vt 0.851896 0.463624
vt 0.945225 0.732692
vt 0.951468 0.732531
vt 0.535071 0.732531
vt 0.925626 0.732062
vt 0.553660 0.717607
vt 0.851896 0.419827
vt 0.814230 0.560945
vt 0.801674 0.560945
vt 0.762847 0.737750
vt 0.767145 0.737639
vt 0.711252 0.737429
vt 0.719395 0.737639
vt 0.775288 0.737429
vt 0.788475 0.735597
vt 0.723693 0.737750
vt 0.833385 0.799057
vt 0.830822 0.807808
vt 0.849934 0.798630
vt 0.847690 0.807373
vt 0.866763 0.798196
vt 0.864603 0.806937
vt 0.882571 0.797789
vt 0.880711 0.806522
vt 0.897585 0.797402
vt 0.896421 0.806117
vt 0.838318 0.779988
vt 0.835852 0.789522
vt 0.855367 0.779549
vt 0.852650 0.789089
vt 0.871887 0.779123
vt 0.869325 0.788660
vt 0.884578 0.788266
vt 0.899135 0.787891
vt 0.874044 0.768485
vt 0.857995 0.770484
vt 0.841864 0.769314
vt 0.826271 0.765019
vt 0.811816 0.757765
vt 0.799054 0.747831
vt 0.572348 0.778033
vt 0.573145 0.787524
vt 0.585854 0.778381
vt 0.587405 0.787891
vt 0.599956 0.778744
vt 0.601962 0.788267
vt 0.614653 0.779123
vt 0.617215 0.788660
vt 0.631173 0.779549
vt 0.633890 0.789089
vt 0.911422 0.820408
vt 0.911867 0.814404
vt 0.894620 0.820841
vt 0.895257 0.814832
vt 0.877819 0.821274
vt 0.878851 0.815255
vt 0.861018 0.821707
vt 0.862445 0.815678
vt 0.844216 0.822140
vt 0.845445 0.816116
vt 0.574672 0.814404
vt 0.575118 0.820408
vt 0.591283 0.814832
vt 0.591920 0.820841
vt 0.607689 0.815255
vt 0.608721 0.821274
vt 0.624095 0.815678
vt 0.625522 0.821707
vt 0.641095 0.816116
vt 0.642324 0.822140
vt 0.826785 0.281374
vt 0.851896 0.281374
vt 0.826785 0.265201
vt 0.851896 0.265201
vt 0.826785 0.249028
vt 0.851896 0.249028
vt 0.826785 0.232855
vt 0.851896 0.232855
vt 0.826785 0.216682
vt 0.851896 0.216682
vt 0.573942 0.797015
vt 0.574307 0.805710
vt 0.588955 0.797402
vt 0.590119 0.806117
vt 0.603969 0.797789
vt 0.605829 0.806522
vt 0.619777 0.798196
vt 0.621936 0.806937
vt 0.636606 0.798630
vt 0.638850 0.807373
vt 0.570849 0.744825
vt 0.583082 0.755404
vt 0.597145 0.763393
vt 0.612495 0.768485
vt 0.628545 0.770484
vt 0.644676 0.769314
vt 0.915691 0.744825
vt 0.948451 0.813461
vt 0.950465 0.777098
vt 0.953703 0.786485
vt 0.914673 0.314228
vt 0.914673 0.322864
vt 0.902118 0.322864
vt 0.902118 0.314228
vt 0.914673 0.331994
vt 0.914673 0.340906
vt 0.902118 0.340906
vt 0.902118 0.331994
vt 0.914673 0.305375
vt 0.902118 0.305375
vt 0.927229 0.163876
vt 0.930826 0.163876
vt 0.930826 0.176431
vt 0.927229 0.176431
vt 0.930876 0.113654
vt 0.927229 0.113654
vt 0.927229 0.101098
vt 0.930876 0.101098
vt 0.538089 0.813461
vt 0.533844 0.804667
vt 0.531909 0.795932
vt 0.927229 0.151320
vt 0.930826 0.151320
vt 0.902118 0.287333
vt 0.902118 0.296463
vt 0.902118 0.278698
vt 0.801674 0.191849
vt 0.801674 0.200919
vt 0.801674 0.158450
vt 0.801674 0.175150
vt 0.801674 0.209989
vt 0.801674 0.252238
vt 0.801674 0.266799
vt 0.851896 0.335575
vt 0.851896 0.350339
vt 0.801674 0.282113
vt 0.851896 0.365901
vt 0.902118 0.562919
vt 0.902118 0.548487
vt 0.902118 0.535355
vt 0.902118 0.524182
vt 0.851896 0.559953
vt 0.851896 0.547875
vt 0.851896 0.573781
vt 0.851896 0.588826
vt 0.851896 0.604511
vt 0.851896 0.620233
vt 0.851896 0.635388
vt 0.851896 0.649393
vt 0.851896 0.661710
vt 0.877007 0.152585
vt 0.877007 0.139600
vt 0.877007 0.167070
vt 0.877007 0.182482
vt 0.801674 0.296701
vt 0.851896 0.381664
vt 0.918946 0.491571
vt 0.902118 0.236376
vt 0.914260 0.566903
vt 0.918854 0.566903
vt 0.906312 0.566903
vt 0.902118 0.566903
vt 0.902118 0.516682
vt 0.877007 0.614993
vt 0.801674 0.108135
vt 0.801674 0.101130
vt 0.801674 0.095851
vt 0.801674 0.039168
vt 0.801674 0.034700
vt 0.916183 0.617125
vt 0.906654 0.667347
vt 0.902118 0.667347
vt 0.911093 0.667347
vt 0.902118 0.592014
vt 0.902118 0.466460
vt 0.907162 0.466460
vt 0.913128 0.466460
vt 0.918796 0.466460
vt 0.930552 0.251764
vt 0.930710 0.176431
vt 0.923104 0.466460
vt 0.927229 0.050876
vt 0.933046 0.050876
vt 0.851896 0.325296
vt 0.851896 0.424047
vt 0.851896 0.429818
vt 0.851896 0.435553
vt 0.851896 0.441031
vt 0.906880 0.391127
vt 0.902118 0.391127
vt 0.912173 0.391127
vt 0.917791 0.391127
vt 0.923520 0.391127
vt 0.851896 0.320685
vt 0.851896 0.316102
vt 0.851896 0.311725
vt 0.851896 0.307720
vt 0.902118 0.424861
vt 0.902118 0.428666
vt 0.902118 0.420632
vt 0.902118 0.416143
vt 0.801674 0.025766
vt 0.801674 0.030233
vt 0.907889 0.340906
vt 0.913624 0.340906
vt 0.919102 0.340906
vt 0.924114 0.340906
vt 0.902118 0.337913
vt 0.902118 0.333151
vt 0.902118 0.343205
vt 0.902118 0.348824
vt 0.801674 0.153463
vt 0.930876 0.126209
vt 0.927229 0.151320
vt 0.930826 0.151320
vt 0.927229 0.322864
vt 0.927229 0.331994
vt 0.927229 0.305375
vt 0.927229 0.314228
vt 0.927229 0.340906
vt 0.826785 0.500556
vt 0.826785 0.509626
vt 0.826785 0.467157
vt 0.826785 0.483857
vt 0.826785 0.518696
vt 0.826785 0.560945
vt 0.826785 0.575506
vt 0.877007 0.463624
vt 0.877007 0.478387
vt 0.826785 0.590820
vt 0.877007 0.493949
vt 0.902118 0.064503
vt 0.902118 0.050071
vt 0.902118 0.036939
vt 0.902118 0.025766
vt 0.902118 0.037844
vt 0.902118 0.051672
vt 0.902118 0.066717
vt 0.902118 0.082402
vt 0.902118 0.098124
vt 0.902118 0.113279
vt 0.902118 0.127284
vt 0.902118 0.139600
vt 0.902118 0.249360
vt 0.902118 0.236376
vt 0.902118 0.263845
vt 0.902118 0.279257
vt 0.826785 0.605408
vt 0.877007 0.509712
vt 0.918946 0.541793
vt 0.877007 0.333151
vt 0.826785 0.643180
vt 0.914260 0.566903
vt 0.918854 0.566903
vt 0.906312 0.566903
vt 0.902118 0.566903
vt 0.877007 0.547875
vt 0.826785 0.416842
vt 0.826785 0.409837
vt 0.826785 0.404558
vt 0.826785 0.347875
vt 0.826785 0.343407
vt 0.930553 0.276875
vt 0.927229 0.276875
vt 0.927229 0.201542
vt 0.933046 0.075987
vt 0.927229 0.075987
vt 0.826785 0.463618
vt 0.826785 0.562369
vt 0.826785 0.568140
vt 0.826785 0.573875
vt 0.826785 0.579354
vt 0.826785 0.584365
vt 0.906880 0.441349
vt 0.902118 0.441349
vt 0.912173 0.441349
vt 0.917791 0.441349
vt 0.923520 0.441349
vt 0.826785 0.459007
vt 0.826785 0.454425
vt 0.826785 0.450047
vt 0.877007 0.520376
vt 0.877007 0.524182
vt 0.877007 0.516147
vt 0.877007 0.511658
vt 0.826785 0.338940
vt 0.907889 0.391127
vt 0.902118 0.391127
vt 0.913624 0.391127
vt 0.919102 0.391127
vt 0.924114 0.391127
vt 0.877007 0.433429
vt 0.877007 0.428666
vt 0.877007 0.438721
vt 0.877007 0.444340
vt 0.826785 0.462170
vt 0.766200 0.080645
vt 0.766200 0.087923
vt 0.039156 0.087923
vt 0.039156 0.080645
vt 0.178904 0.013967
vt 0.178904 0.021315
vt 0.112106 0.021315
vt 0.112106 0.013967
vt 0.039156 0.483196
vt 0.766200 0.483196
vt 0.766200 0.549089
vt 0.039156 0.549089
vt 0.039156 0.410713
vt 0.766200 0.410713
vt 0.766200 0.476606
vt 0.039156 0.476606
vt 0.105427 0.013967
vt 0.105427 0.021315
vt 0.038629 0.021315
vt 0.038629 0.013967
vt 0.766200 0.109758
vt 0.766200 0.117036
vt 0.039156 0.117036
vt 0.039156 0.109758
vt 0.766200 0.066089
vt 0.766200 0.073367
vt 0.039156 0.073367
vt 0.039156 0.066089
vt 0.325860 0.013967
vt 0.325860 0.021315
vt 0.259062 0.021315
vt 0.259062 0.013967
vt 0.766200 0.277759
vt 0.039156 0.277759
vt 0.039156 0.231417
vt 0.766200 0.231417
vt 0.039156 0.555678
vt 0.766200 0.555678
vt 0.766200 0.621572
vt 0.039156 0.621572
vt 0.252382 0.013967
vt 0.252382 0.021315
vt 0.185584 0.021315
vt 0.185584 0.013967
vt 0.766200 0.095201
vt 0.766200 0.102480
vt 0.039156 0.102480
vt 0.039156 0.095201
vt 0.766200 0.047044
vt 0.766200 0.049759
vt 0.039156 0.049759
vt 0.039156 0.047044
vt 0.387767 0.021623
vt 0.387618 0.018875
vt 0.434404 0.018875
vt 0.434553 0.021623
vt 0.766200 0.224194
vt 0.039156 0.224194
vt 0.039156 0.177851
vt 0.766200 0.177852
vt 0.766200 0.331325
vt 0.039156 0.331324
vt 0.039156 0.284982
vt 0.766200 0.284982
vt 0.379963 0.018874
vt 0.379814 0.021623
vt 0.333028 0.021623
vt 0.333177 0.018874
vt 0.766200 0.056409
vt 0.766200 0.059124
vt 0.039156 0.059124
vt 0.039156 0.056409
vt 0.766200 0.028314
vt 0.766200 0.031029
vt 0.039156 0.031029
vt 0.039156 0.028313
vt 0.496948 0.021623
vt 0.496799 0.018875
vt 0.543585 0.018875
vt 0.543734 0.021623
vt 0.766200 0.170629
vt 0.039156 0.170629
vt 0.039156 0.124287
vt 0.766200 0.124287
vt 0.489143 0.018875
vt 0.488994 0.021623
vt 0.442209 0.021623
vt 0.442357 0.018875
vt 0.766200 0.037679
vt 0.766200 0.040394
vt 0.039156 0.040394
vt 0.039156 0.037679
vt 0.039156 0.404124
vt 0.039156 0.407418
vt 0.036923 0.407418
vt 0.035289 0.404124
vt 0.035289 0.080645
vt 0.035289 0.078544
vt 0.039156 0.077006
vt 0.105427 0.010293
vt 0.107355 0.010293
vt 0.108766 0.013967
vt 0.039156 0.091562
vt 0.036923 0.091562
vt 0.035289 0.087923
vt 0.770067 0.476606
vt 0.770067 0.478508
vt 0.766200 0.479901
vt 0.108766 0.021315
vt 0.108766 0.023436
vt 0.105427 0.024989
vt 0.039156 0.338230
vt 0.035289 0.338230
vt 0.035289 0.336328
vt 0.039156 0.334936
vt 0.035289 0.013967
vt 0.035289 0.011846
vt 0.038629 0.010293
vt 0.766200 0.106119
vt 0.768433 0.106119
vt 0.770067 0.109758
vt 0.766200 0.407418
vt 0.768433 0.407418
vt 0.770067 0.410713
vt 0.770067 0.117036
vt 0.770067 0.119137
vt 0.766200 0.120675
vt 0.038629 0.024989
vt 0.036700 0.024989
vt 0.035289 0.021315
vt 0.766200 0.404124
vt 0.770067 0.404124
vt 0.770067 0.406026
vt 0.766200 0.407418
vt 0.108766 0.011846
vt 0.112106 0.010293
vt 0.766200 0.077006
vt 0.768433 0.077006
vt 0.770067 0.080645
vt 0.039156 0.479901
vt 0.036923 0.479901
vt 0.035289 0.476606
vt 0.770067 0.087923
vt 0.770067 0.090024
vt 0.766200 0.091562
vt 0.112106 0.024989
vt 0.110178 0.024989
vt 0.766200 0.338230
vt 0.766200 0.334936
vt 0.768433 0.334936
vt 0.770067 0.338230
vt 0.035289 0.109758
vt 0.035289 0.107657
vt 0.039156 0.106119
vt 0.178904 0.010293
vt 0.180833 0.010293
vt 0.182244 0.013967
vt 0.035289 0.410713
vt 0.035289 0.408811
vt 0.182244 0.021315
vt 0.182244 0.023436
vt 0.178904 0.024989
vt 0.039156 0.120675
vt 0.036923 0.120675
vt 0.035289 0.117036
vt 0.039156 0.552384
vt 0.036923 0.552384
vt 0.035289 0.549089
vt 0.035289 0.066089
vt 0.035289 0.063987
vt 0.039156 0.062450
vt 0.252382 0.010293
vt 0.254311 0.010293
vt 0.255722 0.013967
vt 0.039156 0.077006
vt 0.036923 0.077006
vt 0.035289 0.073367
vt 0.770067 0.621572
vt 0.770067 0.623474
vt 0.766200 0.624866
vt 0.255722 0.021315
vt 0.255722 0.023436
vt 0.252382 0.024989
vt 0.035289 0.483196
vt 0.035289 0.481293
vt 0.039156 0.479901
vt 0.182244 0.011846
vt 0.185584 0.010293
vt 0.768433 0.091562
vt 0.770067 0.095201
vt 0.766200 0.552384
vt 0.768433 0.552384
vt 0.770067 0.555678
vt 0.770067 0.102480
vt 0.770067 0.104581
vt 0.185584 0.024989
vt 0.183656 0.024989
vt 0.770067 0.549089
vt 0.770067 0.550991
vt 0.255722 0.013967
vt 0.255722 0.011846
vt 0.259062 0.010293
vt 0.766200 0.062450
vt 0.768433 0.062450
vt 0.770067 0.066089
vt 0.039156 0.624866
vt 0.036923 0.624866
vt 0.035289 0.621571
vt 0.770067 0.073367
vt 0.770067 0.075468
vt 0.259062 0.024989
vt 0.257134 0.024989
vt 0.255722 0.021315
vt 0.766200 0.479901
vt 0.768433 0.479901
vt 0.770067 0.483196
vt 0.035289 0.095201
vt 0.035289 0.093100
vt 0.039156 0.091562
vt 0.325860 0.010293
vt 0.327789 0.010293
vt 0.329200 0.013967
vt 0.035289 0.555678
vt 0.035289 0.553776
vt 0.329200 0.021315
vt 0.329200 0.023436
vt 0.325860 0.024989
vt 0.036923 0.106119
vt 0.035289 0.102480
vt 0.766200 0.227805
vt 0.768433 0.227805
vt 0.770067 0.231417
vt 0.035289 0.047044
vt 0.035289 0.045124
vt 0.039156 0.043719
vt 0.380145 0.015509
vt 0.382250 0.015509
vt 0.383608 0.018874
vt 0.039156 0.053084
vt 0.036923 0.053084
vt 0.035289 0.049759
vt 0.035289 0.284982
vt 0.035289 0.282897
vt 0.039156 0.281371
vt 0.383460 0.021623
vt 0.383354 0.023566
vt 0.379632 0.024988
vt 0.770067 0.277759
vt 0.770067 0.279844
vt 0.766200 0.281370
vt 0.329531 0.018874
vt 0.329636 0.016931
vt 0.333359 0.015509
vt 0.766200 0.053084
vt 0.768433 0.053084
vt 0.770067 0.056409
vt 0.039156 0.334936
vt 0.036923 0.334936
vt 0.035289 0.331324
vt 0.770067 0.059124
vt 0.770067 0.061044
vt 0.766200 0.062449
vt 0.332846 0.024988
vt 0.330741 0.024988
vt 0.329382 0.021623
vt 0.035289 0.231417
vt 0.035289 0.229332
vt 0.039156 0.227805
vt 0.438199 0.021623
vt 0.438304 0.023566
vt 0.434735 0.024989
vt 0.766200 0.043719
vt 0.768433 0.043719
vt 0.770067 0.047044
vt 0.766200 0.281371
vt 0.768433 0.281371
vt 0.770067 0.284982
vt 0.770067 0.049759
vt 0.770067 0.051679
vt 0.766200 0.053084
vt 0.434222 0.015509
vt 0.436327 0.015509
vt 0.438050 0.018875
vt 0.039156 0.281370
vt 0.036923 0.281370
vt 0.035289 0.277759
vt 0.035289 0.056409
vt 0.035289 0.054490
vt 0.039156 0.053084
vt 0.387949 0.024989
vt 0.385844 0.024989
vt 0.384121 0.021623
vt 0.770067 0.331325
vt 0.770067 0.333409
vt 0.766200 0.334936
vt 0.383973 0.018875
vt 0.383867 0.016931
vt 0.387436 0.015509
vt 0.039156 0.062449
vt 0.036923 0.062449
vt 0.035289 0.059124
vt 0.766200 0.174240
vt 0.768433 0.174240
vt 0.770067 0.177852
vt 0.035289 0.028314
vt 0.035289 0.026394
vt 0.039156 0.024989
vt 0.489325 0.015509
vt 0.491430 0.015509
vt 0.492789 0.018875
vt 0.039156 0.034354
vt 0.036923 0.034354
vt 0.035289 0.031029
vt 0.035289 0.124287
vt 0.035289 0.122202
vt 0.039156 0.120675
vt 0.492640 0.021623
vt 0.492535 0.023566
vt 0.488812 0.024988
vt 0.770067 0.224194
vt 0.770067 0.226279
vt 0.438712 0.018875
vt 0.438817 0.016931
vt 0.442540 0.015509
vt 0.766200 0.034354
vt 0.768433 0.034354
vt 0.770067 0.037679
vt 0.039156 0.174240
vt 0.036923 0.174240
vt 0.035289 0.170629
vt 0.770067 0.040394
vt 0.770067 0.042314
vt 0.766200 0.043719
vt 0.442027 0.024989
vt 0.439922 0.024989
vt 0.438563 0.021623
vt 0.035289 0.177851
vt 0.035289 0.175767
vt 0.039156 0.174240
vt 0.547379 0.021623
vt 0.547484 0.023566
vt 0.543916 0.024989
vt 0.766200 0.024989
vt 0.768433 0.024989
vt 0.770067 0.028314
vt 0.768433 0.120675
vt 0.770067 0.124287
vt 0.770067 0.031029
vt 0.770067 0.032948
vt 0.766200 0.034354
vt 0.543403 0.015509
vt 0.545507 0.015509
vt 0.547230 0.018875
vt 0.036923 0.227805
vt 0.035289 0.224194
vt 0.035289 0.037679
vt 0.035289 0.035759
vt 0.039156 0.034354
vt 0.497130 0.024989
vt 0.495025 0.024989
vt 0.493302 0.021623
vt 0.770067 0.170629
vt 0.770067 0.172714
vt 0.766200 0.174240
vt 0.493153 0.018875
vt 0.493048 0.016931
vt 0.496617 0.015509
vt 0.039156 0.043719
vt 0.036923 0.043719
vt 0.035289 0.040394
s 1
usemtl BakeMatBanco
f 937/1/1 18/2/2 20/3/3 938/4/4
f 938/4/4 20/3/3 22/5/5 939/6/6
f 414/7/7 408/8/7 230/9/7 268/10/7
f 442/11/8 246/12/8 466/13/8 467/14/8
f 405/15/7 404/16/7 222/17/7 220/18/7
f 1020/19/9 402/20/10 215/21/11 984/22/12
f 426/23/8 396/24/8 231/25/8 377/26/8
f 397/27/8 398/28/8 219/29/8 221/30/8
f 3/31/8 1/32/8 17/33/8 19/34/8
f 2/35/7 4/36/7 20/37/7 18/38/7
f 5/39/8 3/31/8 19/34/8 21/40/8
f 4/36/7 6/41/7 22/42/7 20/37/7
f 7/43/8 5/39/8 21/40/8 23/44/8
f 6/41/7 8/45/7 24/46/7 22/42/7
f 9/47/8 7/43/8 23/44/8 25/48/8
f 8/45/7 10/49/7 26/50/7 24/46/7
f 11/51/8 9/47/8 25/48/8 27/52/8
f 10/49/7 12/53/7 28/54/7 26/50/7
f 13/55/8 11/51/8 27/52/8 29/56/8
f 12/53/7 14/57/7 30/58/7 28/54/7
f 15/59/8 13/55/8 29/56/8 31/60/8
f 14/57/7 16/61/7 32/62/7 30/58/7
f 158/63/8 15/59/8 31/60/8 160/64/8
f 16/61/7 159/65/7 161/66/7 32/62/7
f 1/67/13 3/68/14 4/69/14 2/70/13
f 3/68/14 5/71/15 6/72/15 4/69/14
f 5/71/15 7/73/16 8/74/16 6/72/15
f 7/73/16 9/75/17 10/76/17 8/74/16
f 9/77/18 11/78/19 12/79/19 10/80/18
f 11/78/19 13/81/20 14/82/20 12/79/19
f 13/81/20 15/83/21 16/84/21 14/82/20
f 15/83/21 158/85/22 159/86/22 16/84/21
f 35/87/8 37/88/8 38/89/8 36/90/8
f 190/91/8 184/92/8 37/88/8 35/87/8
f 40/93/7 34/94/7 33/95/7 39/96/7
f 187/97/7 192/98/7 34/94/7 40/93/7
f 50/99/7 192/98/7 54/100/7 52/101/7
f 190/91/8 49/102/8 51/103/8 53/104/8
f 941/105/23 62/106/24 64/107/25 942/108/26
f 942/108/26 64/107/25 66/109/27 943/110/28
f 943/110/28 66/109/27 68/111/29 944/112/30
f 944/112/30 68/111/29 70/113/31 945/114/32
f 945/115/32 70/116/31 72/117/33 946/118/34
f 946/118/34 72/117/33 74/119/35 947/120/36
f 947/120/36 74/119/35 76/121/37 948/122/38
f 948/122/38 76/121/37 60/123/39 940/124/40
f 45/125/8 43/126/8 61/127/8 63/128/8
f 44/129/7 46/130/7 64/131/7 62/132/7
f 47/133/8 45/125/8 63/128/8 65/134/8
f 46/130/7 48/135/7 66/136/7 64/131/7
f 49/102/8 47/133/8 65/134/8 67/137/8
f 48/135/7 50/99/7 68/138/7 66/136/7
f 51/103/8 49/102/8 67/137/8 69/139/8
f 50/99/7 52/101/7 70/140/7 68/138/7
f 53/104/8 51/103/8 69/139/8 71/141/8
f 52/101/7 54/100/7 72/142/7 70/140/7
f 55/143/8 53/104/8 71/141/8 73/144/8
f 54/100/7 56/145/7 74/146/7 72/142/7
f 57/147/8 55/143/8 73/144/8 75/148/8
f 56/145/7 58/149/7 76/150/7 74/146/7
f 41/151/8 57/147/8 75/148/8 59/152/8
f 58/149/7 42/153/7 60/154/7 76/150/7
f 36/90/8 193/155/8 43/126/8 45/125/8
f 35/87/8 36/90/8 45/125/8 47/133/8
f 190/91/8 35/87/8 47/133/8 49/102/8
f 950/156/41 40/157/42 39/158/42 949/159/41
f 977/160/41 187/80/42 40/157/42 950/156/41
f 56/145/7 54/100/7 192/98/7 187/97/7
f 58/149/7 56/145/7 187/97/7 186/161/7
f 42/153/7 58/149/7 186/161/7 189/162/7
f 196/163/7 97/164/7 200/165/7 202/166/7
f 980/167/43 199/168/44 204/169/45 981/170/46
f 199/171/7 196/163/7 202/166/7 204/172/7
f 183/173/7 212/174/7 210/175/7 101/176/7
f 102/177/8 100/178/8 182/179/8 180/180/8
f 102/77/47 103/181/47 105/182/48 104/183/48
f 104/183/48 105/182/48 107/184/49 106/185/49
f 106/185/49 107/184/49 109/186/50 108/187/50
f 79/188/8 77/189/8 95/190/8 96/191/8
f 78/192/7 80/193/7 200/165/7 97/164/7
f 81/194/8 79/188/8 96/191/8 98/195/8
f 80/193/7 82/196/7 99/197/7 200/165/7
f 83/198/8 81/194/8 98/195/8 209/199/8
f 82/196/7 84/200/7 210/175/7 99/197/7
f 85/201/8 83/198/8 209/199/8 100/178/8
f 84/200/7 86/202/7 101/176/7 210/175/7
f 87/203/8 85/201/8 100/178/8 102/177/8
f 86/202/7 88/204/7 103/205/7 101/176/7
f 89/206/8 87/203/8 102/177/8 104/207/8
f 88/204/7 90/208/7 105/209/7 103/205/7
f 91/210/8 89/206/8 104/207/8 106/211/8
f 90/208/7 92/212/7 107/213/7 105/209/7
f 93/214/8 91/210/8 106/211/8 108/215/8
f 92/212/7 94/216/7 109/217/7 107/213/7
f 952/218/51 953/219/52 80/220/53 78/221/54
f 953/219/52 954/222/55 82/223/56 80/220/53
f 954/222/55 955/224/57 84/225/58 82/223/56
f 955/224/57 956/226/59 86/227/60 84/225/58
f 956/228/59 957/229/61 88/230/62 86/231/60
f 957/229/61 958/232/63 90/233/64 88/230/62
f 958/232/63 959/234/65 92/235/66 90/233/64
f 959/234/65 960/236/67 94/237/68 92/235/66
f 976/238/69 127/239/70 129/240/71 961/241/72
f 961/241/72 129/240/71 131/242/73 962/243/74
f 962/243/74 131/242/73 133/244/75 963/245/76
f 963/245/76 133/244/75 135/246/77 964/247/78
f 964/248/78 135/249/77 137/250/79 965/251/80
f 965/251/80 137/250/79 139/252/81 966/253/82
f 966/253/82 139/252/81 141/254/83 967/255/84
f 967/255/84 141/254/83 143/256/85 968/257/86
f 111/258/8 110/259/8 145/260/8 128/261/8
f 144/262/7 112/263/7 129/264/7 127/265/7
f 113/266/8 111/258/8 128/261/8 130/267/8
f 112/263/7 114/268/7 131/269/7 129/264/7
f 115/270/8 113/266/8 130/267/8 132/271/8
f 114/268/7 116/272/7 133/273/7 131/269/7
f 117/274/8 115/270/8 132/271/8 134/275/8
f 116/272/7 118/276/7 135/277/7 133/273/7
f 119/278/8 117/274/8 134/275/8 136/279/8
f 118/276/7 120/280/7 137/281/7 135/277/7
f 121/282/8 119/278/8 136/279/8 138/283/8
f 120/280/7 122/284/7 139/285/7 137/281/7
f 123/286/8 121/282/8 138/283/8 140/287/8
f 122/284/7 124/288/7 141/289/7 139/285/7
f 125/290/8 123/286/8 140/287/8 142/291/8
f 124/288/7 126/292/7 143/293/7 141/289/7
f 123/294/87 125/295/88 126/296/88 124/297/87
f 121/298/89 123/294/87 124/297/87 122/299/89
f 119/300/90 121/298/89 122/299/89 120/301/90
f 117/302/91 119/300/90 120/301/90 118/303/91
f 115/304/92 117/305/91 118/306/91 116/307/92
f 113/308/93 115/304/92 116/307/92 114/309/93
f 111/310/94 113/308/93 114/309/93 112/311/94
f 110/312/95 111/310/94 112/311/94 144/313/95
f 109/186/50 126/296/88 125/295/88 108/187/50
f 108/215/8 125/290/8 142/291/8 93/214/8
f 960/236/67 968/257/86 143/256/85 94/237/68
f 94/216/7 143/293/7 126/292/7 109/217/7
f 174/314/96 175/315/96 147/316/96 146/317/96
f 176/318/8 174/319/8 146/320/8 148/321/8
f 175/322/7 177/323/7 149/324/7 147/325/7
f 170/326/8 152/327/8 167/328/8 173/329/8
f 168/330/7 169/331/7 153/332/7 151/333/7
f 177/323/7 127/265/7 162/334/7 179/335/7
f 171/336/96 168/337/96 151/338/96 150/339/96
f 170/326/8 171/340/8 150/341/8 152/327/8
f 365/342/97 352/343/97 159/86/22 158/85/22
f 152/327/8 150/341/8 154/344/8 156/345/8
f 151/333/7 153/332/7 157/346/7 155/347/7
f 969/348/98 152/349/99 156/350/99 970/351/98
f 371/352/8 365/353/8 158/63/8 160/64/8
f 352/354/7 358/355/7 161/66/7 159/65/7
f 399/356/7 400/357/7 226/358/7 224/359/7
f 941/105/23 61/360/100 77/361/101 952/218/51
f 43/126/8 95/190/8 77/189/8 61/127/8
f 62/132/7 78/192/7 97/164/7 44/129/7
f 44/129/7 97/164/7 196/163/7 194/362/7
f 975/363/102 178/364/103 165/365/104 972/366/105
f 974/367/106 173/368/107 167/369/108 973/370/109
f 976/371/110 145/372/111 163/373/111 971/374/110
f 969/375/112 153/376/113 166/377/113 973/378/112
f 176/318/8 148/321/8 165/379/8 178/380/8
f 169/331/7 149/324/7 164/381/7 172/382/7
f 153/332/7 169/331/7 172/382/7 166/383/7
f 972/366/114 165/365/115 173/368/107 974/367/106
f 148/321/8 146/320/8 171/340/8 170/326/8
f 146/317/96 147/316/96 168/337/96 171/336/96
f 147/325/7 149/324/7 169/331/7 168/330/7
f 148/321/8 170/326/8 173/329/8 165/379/8
f 145/260/8 176/318/8 178/380/8 163/384/8
f 971/385/116 163/386/117 178/364/103 975/363/102
f 149/324/7 177/323/7 179/335/7 164/381/7
f 144/262/7 127/265/7 177/323/7 175/322/7
f 145/260/8 110/259/8 174/319/8 176/318/8
f 110/312/95 144/313/95 175/315/96 174/314/96
f 400/357/7 401/387/7 232/388/7 226/358/7
f 1/67/13 2/70/13 181/389/118 180/390/118
f 2/35/7 18/38/7 183/173/7 181/391/7
f 211/392/8 213/393/8 17/33/8 182/179/8
f 17/33/8 1/32/8 180/180/8 182/179/8
f 211/392/8 182/179/8 100/178/8 209/199/8
f 103/394/119 102/395/119 180/390/119 181/389/119
f 101/176/7 103/205/7 181/391/7 183/173/7
f 940/396/120 951/397/120 41/398/121 59/399/121
f 977/400/122 978/401/123 186/402/124 187/403/125
f 978/401/123 979/404/126 189/405/127 186/402/124
f 951/397/128 42/406/129 189/407/129 979/408/128
f 949/159/41 39/158/42 191/409/130 985/410/131
f 57/147/8 41/151/8 188/411/8 185/412/8
f 55/143/8 57/147/8 185/412/8 184/92/8
f 53/104/8 55/143/8 184/92/8 190/91/8
f 195/413/8 193/155/8 197/414/8 198/415/8
f 95/190/8 43/126/8 193/155/8 195/413/8
f 36/90/8 38/89/8 197/414/8 193/155/8
f 39/96/7 33/95/7 194/362/7 191/416/7
f 194/362/7 196/163/7 199/171/7 191/416/7
f 34/94/7 192/98/7 50/99/7 48/135/7
f 33/95/7 34/94/7 48/135/7 46/130/7
f 44/129/7 194/362/7 33/95/7 46/130/7
f 980/167/43 985/410/131 191/409/130 199/168/44
f 195/413/8 198/415/8 203/417/8 201/418/8
f 95/190/8 195/413/8 201/418/8 96/191/8
f 981/170/46 204/169/45 208/419/132 982/420/133
f 202/166/7 200/165/7 99/197/7 206/421/7
f 204/172/7 202/166/7 206/421/7 208/422/7
f 201/418/8 203/417/8 207/423/8 205/424/8
f 96/191/8 201/418/8 205/424/8 98/195/8
f 982/420/133 208/419/132 214/425/134 983/426/135
f 206/421/7 99/197/7 210/175/7 212/174/7
f 208/422/7 206/421/7 212/174/7 214/427/7
f 205/424/8 207/423/8 213/393/8 211/392/8
f 98/195/8 205/424/8 211/392/8 209/199/8
f 18/38/7 214/427/7 212/174/7 183/173/7
f 937/1/1 17/428/136 213/429/137 983/426/135
f 431/430/8 432/431/8 243/432/8 249/433/8
f 440/434/7 439/435/7 240/436/7 238/437/7
f 1021/438/138 437/439/139 233/440/140 986/441/141
f 446/442/7 435/443/7 248/444/7 270/445/7
f 434/446/8 427/447/8 237/448/8 239/449/8
f 428/450/7 429/451/7 244/452/7 242/453/7
f 458/454/8 431/430/8 249/433/8 389/455/8
f 432/431/8 433/456/8 241/457/8 243/432/8
f 409/458/8 403/459/8 216/460/8 217/461/8
f 406/462/8 395/463/8 229/464/8 228/465/8
f 402/466/7 410/467/7 218/468/7 215/469/7
f 411/470/8 397/27/8 221/30/8 223/471/8
f 408/8/7 407/472/7 227/473/7 230/9/7
f 404/16/7 399/356/7 224/359/7 222/17/7
f 398/28/8 409/458/8 217/461/8 219/29/8
f 410/467/7 405/15/7 220/18/7 218/468/7
f 396/24/8 412/474/8 225/475/8 231/25/8
f 412/474/8 411/470/8 223/471/8 225/475/8
f 283/476/7 282/477/7 260/478/7 258/479/7
f 280/480/8 281/481/8 259/482/8 261/483/8
f 998/484/142 280/485/143 261/486/144 993/487/145
f 307/488/8 249/433/8 243/432/8 309/489/8
f 309/489/8 243/432/8 241/457/8 311/490/8
f 239/449/8 313/491/8 311/490/8 241/457/8
f 384/492/7 298/493/7 300/494/7 385/495/7
f 274/496/7 254/497/7 272/498/7 273/499/7
f 441/500/8 438/501/8 234/502/8 235/503/8
f 227/473/7 407/472/7 464/504/7 461/505/7
f 429/451/7 436/506/7 250/507/7 244/452/7
f 437/508/7 444/509/7 236/510/7 233/511/7
f 442/11/8 430/512/8 247/513/8 246/12/8
f 433/456/8 434/446/8 239/449/8 241/457/8
f 435/443/7 443/514/7 245/515/7 248/444/7
f 439/435/7 428/450/7 242/453/7 240/436/7
f 427/447/8 441/500/8 235/503/8 237/448/8
f 444/509/7 440/434/7 238/437/7 236/510/7
f 988/516/146 252/517/146 253/518/146 989/519/146
f 276/520/8 275/521/8 253/522/8 252/523/8
f 274/496/7 277/524/7 251/525/7 254/497/7
f 996/526/147 276/527/148 252/528/148 988/529/147
f 990/530/149 255/531/149 258/532/149 991/533/149
f 991/533/149 258/532/149 260/534/149 992/535/149
f 992/535/149 260/534/149 262/536/149 993/537/149
f 285/538/8 284/539/8 256/540/8 257/541/8
f 282/477/7 279/542/7 262/543/7 260/478/7
f 281/481/8 285/538/8 257/541/8 259/482/8
f 286/544/7 283/476/7 258/479/7 255/545/7
f 997/546/150 286/547/151 255/548/152 990/549/153
f 333/550/8 247/513/8 269/551/8 293/552/8
f 430/512/8 445/553/8 269/551/8 247/513/8
f 452/554/7 446/442/7 270/445/7 383/555/7
f 151/333/7 155/347/7 266/556/7 263/557/7
f 154/344/8 150/341/8 264/558/8 265/559/8
f 150/560/97 151/561/97 263/562/97 264/563/97
f 395/463/8 413/564/8 267/565/8 229/464/8
f 420/566/7 414/7/7 268/10/7 359/567/7
f 995/568/154 994/569/155 271/570/156 278/571/157
f 989/519/149 994/572/149 272/573/149 254/574/149
f 331/575/7 319/576/7 288/577/7 292/578/7
f 253/522/8 275/521/8 278/579/8 271/580/8
f 1013/581/147 289/582/148 276/527/148 996/526/147
f 319/576/7 320/583/7 277/524/7 274/496/7
f 289/584/8 290/585/8 275/521/8 276/520/8
f 319/576/7 274/496/7 273/499/7 288/577/7
f 1014/586/158 323/587/159 286/547/151 997/546/150
f 323/588/7 321/589/7 283/476/7 286/544/7
f 325/590/8 322/591/8 285/538/8 281/481/8
f 326/592/7 318/593/7 279/542/7 282/477/7
f 322/591/8 327/594/8 284/539/8 285/538/8
f 317/595/8 325/590/8 281/481/8 280/480/8
f 321/589/7 326/592/7 282/477/7 283/476/7
f 995/568/154 1019/596/160 288/597/161 273/598/162
f 1019/596/160 999/599/163 292/600/164 288/597/161
f 999/599/163 1000/601/165 294/602/166 292/600/164
f 1000/601/165 1001/603/167 296/604/168 294/602/166
f 1001/605/167 1002/606/169 298/607/170 296/608/168
f 1002/606/169 1003/609/171 300/610/172 298/607/170
f 1003/609/171 1004/611/173 302/612/174 300/610/172
f 1004/611/173 1005/613/175 304/614/176 302/612/174
f 1005/613/175 1006/615/177 306/616/178 304/614/176
f 1006/615/177 1007/617/179 308/618/180 306/616/178
f 1007/617/179 1008/619/181 310/620/182 308/618/180
f 1008/619/181 1009/621/183 312/622/184 310/620/182
f 1009/623/183 1010/624/185 314/625/186 312/626/184
f 1010/624/185 1011/627/187 316/628/188 314/625/186
f 1011/627/187 1012/629/189 318/630/190 316/628/188
f 1012/629/189 998/484/142 279/631/191 318/630/190
f 328/632/8 324/633/8 290/585/8 289/584/8
f 331/575/7 332/634/7 320/583/7 319/576/7
f 1015/635/147 328/636/148 289/582/148 1013/581/147
f 275/521/8 290/585/8 287/637/8 278/579/8
f 336/638/7 339/639/7 326/592/7 321/589/7
f 315/640/8 329/641/8 325/590/8 317/595/8
f 330/642/8 340/643/8 327/594/8 322/591/8
f 339/639/7 316/644/7 318/593/7 326/592/7
f 329/641/8 330/642/8 322/591/8 325/590/8
f 335/645/7 336/638/7 321/589/7 323/588/7
f 1017/646/192 335/647/193 323/587/159 1014/586/158
f 1016/648/147 334/649/148 328/636/148 1015/635/147
f 337/650/7 338/651/7 332/634/7 331/575/7
f 334/652/8 333/550/8 324/633/8 328/632/8
f 337/650/7 331/575/7 292/578/7 294/653/7
f 290/585/8 324/633/8 291/654/8 287/637/8
f 248/444/7 337/650/7 294/653/7 270/445/7
f 246/12/8 247/513/8 333/550/8 334/652/8
f 248/444/7 245/515/7 338/651/7 337/650/7
f 987/655/147 246/656/148 334/649/148 1016/648/147
f 324/633/8 333/550/8 293/552/8 291/654/8
f 1018/657/192 345/658/193 335/647/193 1017/646/192
f 345/659/7 343/660/7 336/638/7 335/645/7
f 347/661/8 344/662/8 330/642/8 329/641/8
f 346/663/7 314/664/7 316/644/7 339/639/7
f 344/662/8 349/665/8 340/643/8 330/642/8
f 313/491/8 347/661/8 329/641/8 315/640/8
f 343/660/7 346/663/7 339/639/7 336/638/7
f 236/510/7 238/437/7 346/663/7 343/660/7
f 239/449/8 237/448/8 347/661/8 313/491/8
f 235/503/8 234/502/8 349/665/8 344/662/8
f 238/437/7 240/436/7 314/664/7 346/663/7
f 237/448/8 235/503/8 344/662/8 347/661/8
f 233/511/7 236/510/7 343/660/7 345/659/7
f 986/441/141 233/440/140 345/658/193 1018/657/192
f 401/387/7 415/666/7 364/667/7 232/388/7
f 415/666/7 416/668/7 363/669/7 364/667/7
f 416/668/7 417/670/7 362/671/7 363/669/7
f 417/670/7 418/672/7 361/673/7 362/671/7
f 418/672/7 419/674/7 360/675/7 361/673/7
f 419/674/7 420/566/7 359/567/7 360/675/7
f 436/506/7 447/676/7 388/677/7 250/507/7
f 447/676/7 448/678/7 387/679/7 388/677/7
f 448/678/7 449/680/7 386/681/7 387/679/7
f 449/680/7 450/682/7 385/495/7 386/681/7
f 450/682/7 451/683/7 384/492/7 385/495/7
f 451/683/7 452/554/7 383/555/7 384/492/7
f 302/684/7 386/681/7 385/495/7 300/494/7
f 304/685/7 387/679/7 386/681/7 302/684/7
f 306/686/7 388/677/7 387/679/7 304/685/7
f 388/677/7 306/686/7 308/687/7 250/507/7
f 250/507/7 308/687/7 310/688/7 244/452/7
f 244/452/7 310/688/7 312/689/7 242/453/7
f 445/553/8 453/690/8 394/691/8 269/551/8
f 453/690/8 454/692/8 393/693/8 394/691/8
f 454/692/8 455/694/8 392/695/8 393/693/8
f 455/694/8 456/696/8 391/697/8 392/695/8
f 456/696/8 457/698/8 390/699/8 391/697/8
f 457/698/8 458/454/8 389/455/8 390/699/8
f 263/557/7 266/556/7 353/700/7 350/701/7
f 350/701/7 353/700/7 354/702/7 342/703/7
f 342/703/7 354/702/7 355/704/7 348/705/7
f 348/705/7 355/704/7 356/706/7 341/707/7
f 341/707/7 356/706/7 357/708/7 351/709/7
f 351/709/7 357/708/7 358/355/7 352/354/7
f 265/559/8 264/558/8 370/710/8 376/711/8
f 376/711/8 370/710/8 369/712/8 375/713/8
f 375/713/8 369/712/8 368/714/8 374/715/8
f 374/715/8 368/714/8 367/716/8 373/717/8
f 373/717/8 367/716/8 366/718/8 372/719/8
f 372/719/8 366/718/8 365/353/8 371/352/8
f 264/563/97 263/562/97 350/720/97 370/721/97
f 370/721/97 350/720/97 342/722/97 369/723/97
f 369/723/97 342/722/97 348/724/97 368/725/97
f 368/725/97 348/724/97 341/726/97 367/727/97
f 367/727/97 341/726/97 351/728/97 366/729/97
f 366/729/97 351/728/97 352/343/97 365/342/97
f 413/564/8 421/730/8 382/731/8 267/565/8
f 421/730/8 422/732/8 381/733/8 382/731/8
f 422/732/8 423/734/8 380/735/8 381/733/8
f 423/734/8 424/736/8 379/737/8 380/735/8
f 424/736/8 425/738/8 378/739/8 379/737/8
f 425/738/8 426/23/8 377/26/8 378/739/8
f 293/552/8 269/551/8 394/691/8 295/740/8
f 295/740/8 394/691/8 393/693/8 297/741/8
f 297/741/8 393/693/8 392/695/8 299/742/8
f 299/742/8 392/695/8 391/697/8 301/743/8
f 301/743/8 391/697/8 390/699/8 303/744/8
f 305/745/8 303/744/8 390/699/8 389/455/8
f 249/433/8 307/488/8 305/745/8 389/455/8
f 242/453/7 312/689/7 314/664/7 240/436/7
f 383/555/7 296/746/7 298/493/7 384/492/7
f 296/746/7 383/555/7 270/445/7 294/653/7
f 372/719/8 371/352/8 426/23/8 425/738/8
f 373/717/8 372/719/8 425/738/8 424/736/8
f 374/715/8 373/717/8 424/736/8 423/734/8
f 375/713/8 374/715/8 423/734/8 422/732/8
f 376/711/8 375/713/8 422/732/8 421/730/8
f 265/559/8 376/711/8 421/730/8 413/564/8
f 354/702/7 353/700/7 420/566/7 419/674/7
f 355/704/7 354/702/7 419/674/7 418/672/7
f 356/706/7 355/704/7 418/672/7 417/670/7
f 357/708/7 356/706/7 417/670/7 416/668/7
f 358/355/7 357/708/7 416/668/7 415/666/7
f 161/66/7 358/355/7 415/666/7 401/387/7
f 353/700/7 266/556/7 414/7/7 420/566/7
f 154/344/8 265/559/8 413/564/8 395/463/8
f 31/60/8 29/56/8 411/470/8 412/474/8
f 160/64/8 31/60/8 412/474/8 396/24/8
f 24/46/7 26/50/7 405/15/7 410/467/7
f 25/48/8 23/44/8 409/458/8 398/28/8
f 28/54/7 30/58/7 399/356/7 404/16/7
f 155/347/7 157/346/7 407/472/7 408/8/7
f 29/56/8 27/52/8 397/27/8 411/470/8
f 22/42/7 24/46/7 410/467/7 402/466/7
f 156/345/8 154/344/8 395/463/8 406/462/8
f 23/44/8 21/40/8 403/459/8 409/458/8
f 32/62/7 161/66/7 401/387/7 400/357/7
f 30/58/7 32/62/7 400/357/7 399/356/7
f 27/52/8 25/48/8 398/28/8 397/27/8
f 371/352/8 160/64/8 396/24/8 426/23/8
f 939/6/6 22/5/5 402/20/10 1020/19/9
f 26/50/7 28/54/7 404/16/7 405/15/7
f 407/472/7 157/346/7 459/747/7 464/504/7
f 266/556/7 155/347/7 408/8/7 414/7/7
f 378/739/8 377/26/8 458/454/8 457/698/8
f 379/737/8 378/739/8 457/698/8 456/696/8
f 380/735/8 379/737/8 456/696/8 455/694/8
f 381/733/8 380/735/8 455/694/8 454/692/8
f 382/731/8 381/733/8 454/692/8 453/690/8
f 267/565/8 382/731/8 453/690/8 445/553/8
f 360/675/7 359/567/7 452/554/7 451/683/7
f 361/673/7 360/675/7 451/683/7 450/682/7
f 362/671/7 361/673/7 450/682/7 449/680/7
f 363/669/7 362/671/7 449/680/7 448/678/7
f 364/667/7 363/669/7 448/678/7 447/676/7
f 232/388/7 364/667/7 447/676/7 436/506/7
f 359/567/7 268/10/7 446/442/7 452/554/7
f 229/464/8 267/565/8 445/553/8 430/512/8
f 218/468/7 220/18/7 440/434/7 444/509/7
f 219/29/8 217/461/8 441/500/8 427/447/8
f 222/17/7 224/359/7 428/450/7 439/435/7
f 230/9/7 227/473/7 443/514/7 435/443/7
f 223/471/8 221/30/8 434/446/8 433/456/8
f 228/465/8 229/464/8 430/512/8 442/11/8
f 215/469/7 218/468/7 444/509/7 437/508/7
f 226/358/7 232/388/7 436/506/7 429/451/7
f 245/515/7 443/514/7 468/748/7 465/749/7
f 217/461/8 216/460/8 438/501/8 441/500/8
f 225/475/8 223/471/8 433/456/8 432/431/8
f 377/26/8 231/25/8 431/430/8 458/454/8
f 224/359/7 226/358/7 429/451/7 428/450/7
f 221/30/8 219/29/8 427/447/8 434/446/8
f 268/10/7 230/9/7 435/443/7 446/442/7
f 984/22/12 215/21/11 437/439/139 1021/438/138
f 220/18/7 222/17/7 439/435/7 440/434/7
f 231/25/8 225/475/8 432/431/8 431/430/8
f 1025/750/194 463/751/195 462/752/196 1023/753/197
f 1026/754/198 467/755/199 466/756/200 1024/757/201
f 1022/758/202 460/759/203 463/751/195 1025/750/194
f 1023/753/197 462/752/196 467/755/199 1026/754/198
f 443/514/7 227/473/7 461/505/7 468/748/7
f 970/760/97 156/761/204 460/762/204 1022/763/97
f 987/764/205 245/765/206 465/766/206 1024/767/205
f 156/345/8 406/462/8 463/768/8 460/769/8
f 228/465/8 442/11/8 467/14/8 462/770/8
f 406/462/8 228/465/8 462/770/8 463/768/8
f 1027/771/1 1028/772/4 488/773/207 486/774/136
f 1028/772/4 1029/775/6 490/776/208 488/773/207
f 882/777/8 736/778/8 698/779/8 876/780/8
f 910/781/7 935/782/7 934/783/7 714/784/7
f 873/785/8 688/786/8 690/787/8 872/788/8
f 1110/789/9 1074/790/12 683/791/209 870/792/210
f 894/793/7 845/794/7 699/795/7 864/796/7
f 865/797/7 689/798/7 687/799/7 866/800/7
f 471/801/7 487/802/7 485/803/7 469/804/7
f 470/805/8 486/806/8 488/807/8 472/808/8
f 473/809/7 489/810/7 487/802/7 471/801/7
f 472/808/8 488/807/8 490/811/8 474/812/8
f 475/813/7 491/814/7 489/810/7 473/809/7
f 474/812/8 490/811/8 492/815/8 476/816/8
f 477/817/7 493/818/7 491/814/7 475/813/7
f 476/816/8 492/815/8 494/819/8 478/820/8
f 479/821/7 495/822/7 493/818/7 477/817/7
f 478/820/8 494/819/8 496/823/8 480/824/8
f 481/825/7 497/826/7 495/822/7 479/821/7
f 480/824/8 496/823/8 498/827/8 482/828/8
f 483/829/7 499/830/7 497/826/7 481/825/7
f 482/828/8 498/827/8 500/831/8 484/832/8
f 626/833/7 628/834/7 499/830/7 483/829/7
f 484/832/8 500/831/8 629/835/8 627/836/8
f 469/837/13 470/838/13 472/839/14 471/840/14
f 471/840/14 472/839/14 474/841/15 473/842/15
f 473/842/15 474/841/15 476/843/16 475/844/16
f 475/844/16 476/843/16 478/845/17 477/846/17
f 477/561/18 478/560/18 480/847/19 479/848/19
f 479/848/19 480/847/19 482/849/20 481/850/20
f 481/850/20 482/849/20 484/851/21 483/852/21
f 483/852/21 484/851/21 627/853/22 626/854/22
f 503/855/7 504/856/7 506/857/7 505/858/7
f 658/859/7 503/855/7 505/858/7 652/860/7
f 508/861/8 507/862/8 501/863/8 502/864/8
f 655/865/8 508/861/8 502/864/8 660/866/8
f 518/867/8 520/868/8 522/869/8 660/866/8
f 658/859/7 521/870/7 519/871/7 517/872/7
f 1031/873/23 1032/874/26 532/875/211 530/876/100
f 1032/874/26 1033/877/28 534/878/212 532/875/211
f 1033/877/28 1034/879/30 536/880/213 534/878/212
f 1034/879/30 1035/226/32 538/881/214 536/880/213
f 1035/882/32 1036/883/34 540/117/215 538/116/214
f 1036/883/34 1037/884/36 542/119/216 540/117/215
f 1037/884/36 1038/885/38 544/121/217 542/119/216
f 1038/885/38 1030/886/40 528/123/218 544/121/217
f 513/887/7 531/888/7 529/889/7 511/890/7
f 512/891/8 530/892/8 532/893/8 514/894/8
f 515/895/7 533/896/7 531/888/7 513/887/7
f 514/894/8 532/893/8 534/897/8 516/898/8
f 517/872/7 535/899/7 533/896/7 515/895/7
f 516/898/8 534/897/8 536/900/8 518/867/8
f 519/871/7 537/901/7 535/899/7 517/872/7
f 518/867/8 536/900/8 538/902/8 520/868/8
f 521/870/7 539/903/7 537/901/7 519/871/7
f 520/868/8 538/902/8 540/904/8 522/869/8
f 523/905/7 541/906/7 539/903/7 521/870/7
f 522/869/8 540/904/8 542/907/8 524/908/8
f 525/909/7 543/910/7 541/906/7 523/905/7
f 524/908/8 542/907/8 544/911/8 526/912/8
f 509/913/7 527/914/7 543/910/7 525/909/7
f 526/912/8 544/911/8 528/915/8 510/913/8
f 504/856/7 513/887/7 511/890/7 661/916/7
f 503/855/7 515/895/7 513/887/7 504/856/7
f 658/859/7 517/872/7 515/895/7 503/855/7
f 1040/917/41 1039/918/41 507/919/219 508/920/219
f 1067/921/41 1040/917/41 508/920/219 655/922/219
f 524/908/8 655/865/8 660/866/8 522/869/8
f 526/912/8 654/923/8 655/865/8 524/908/8
f 510/913/8 657/924/8 654/923/8 526/912/8
f 664/925/8 670/926/8 668/927/8 565/928/8
f 1070/929/43 1071/930/46 672/931/220 667/932/221
f 667/933/8 672/934/8 670/926/8 664/925/8
f 651/935/8 569/936/8 678/937/8 680/938/8
f 570/939/7 648/940/7 650/941/7 568/942/7
f 570/303/47 572/943/48 573/944/48 571/302/47
f 572/943/48 574/945/49 575/946/49 573/944/48
f 574/945/49 576/947/50 577/948/50 575/946/49
f 547/949/7 564/950/7 563/951/7 545/952/7
f 546/953/8 565/928/8 668/927/8 548/954/8
f 549/955/7 566/956/7 564/950/7 547/949/7
f 548/954/8 668/927/8 567/957/8 550/958/8
f 551/959/7 677/960/7 566/956/7 549/955/7
f 550/958/8 567/957/8 678/937/8 552/961/8
f 553/962/7 568/942/7 677/960/7 551/959/7
f 552/961/8 678/937/8 569/936/8 554/963/8
f 555/964/7 570/939/7 568/942/7 553/962/7
f 554/963/8 569/936/8 571/965/8 556/966/8
f 557/967/7 572/968/7 570/939/7 555/964/7
f 556/966/8 571/965/8 573/969/8 558/970/8
f 559/971/7 574/972/7 572/968/7 557/967/7
f 558/970/8 573/969/8 575/973/8 560/974/8
f 561/975/7 576/976/7 574/972/7 559/971/7
f 560/974/8 575/973/8 577/977/8 562/978/8
f 1042/979/51 546/980/101 548/981/222 1043/982/52
f 1043/982/52 548/981/222 550/983/223 1044/984/55
f 1044/984/55 550/983/223 552/985/224 1045/986/57
f 1045/986/57 552/985/224 554/987/225 1046/623/59
f 1046/248/59 554/988/225 556/989/226 1047/990/61
f 1047/990/61 556/989/226 558/991/227 1048/992/63
f 1048/992/63 558/991/227 560/993/228 1049/994/65
f 1049/994/65 560/993/228 562/995/229 1050/996/67
f 1066/997/69 1051/998/72 597/999/230 595/1000/231
f 1051/998/72 1052/1001/74 599/1002/232 597/999/230
f 1052/1001/74 1053/1003/76 601/1004/233 599/1002/232
f 1053/1003/76 1054/1005/78 603/1006/234 601/1004/233
f 1054/1007/78 1055/1008/80 605/1009/235 603/1010/234
f 1055/1008/80 1056/1011/82 607/1012/236 605/1009/235
f 1056/1011/82 1057/1013/84 609/1014/237 607/1012/236
f 1057/1013/84 1058/1015/86 611/1016/238 609/1014/237
f 579/1017/7 596/1018/7 613/1019/7 578/1020/7
f 612/1021/8 595/1022/8 597/1023/8 580/1024/8
f 581/1025/7 598/1026/7 596/1018/7 579/1017/7
f 580/1024/8 597/1023/8 599/1027/8 582/1028/8
f 583/1029/7 600/1030/7 598/1026/7 581/1025/7
f 582/1028/8 599/1027/8 601/1031/8 584/1032/8
f 585/1033/7 602/1034/7 600/1030/7 583/1029/7
f 584/1032/8 601/1031/8 603/1035/8 586/1036/8
f 587/1037/7 604/1038/7 602/1034/7 585/1033/7
f 586/1036/8 603/1035/8 605/1039/8 588/1040/8
f 589/1041/7 606/1042/7 604/1038/7 587/1037/7
f 588/1040/8 605/1039/8 607/1043/8 590/1044/8
f 591/1045/7 608/1046/7 606/1042/7 589/1041/7
f 590/1044/8 607/1043/8 609/1047/8 592/1048/8
f 593/1049/7 610/1050/7 608/1046/7 591/1045/7
f 592/1048/8 609/1047/8 611/1051/8 594/1052/8
f 591/1053/87 592/1054/87 594/1055/88 593/1056/88
f 589/1057/89 590/1058/89 592/1054/87 591/1053/87
f 587/1059/90 588/1060/90 590/1058/89 589/1057/89
f 585/656/91 586/1061/91 588/1060/90 587/1059/90
f 583/1062/92 584/1063/92 586/1064/91 585/338/91
f 581/1065/93 582/1066/93 584/1063/92 583/1062/92
f 579/1067/94 580/1068/94 582/1066/93 581/1065/93
f 578/1069/95 612/1070/95 580/1068/94 579/1067/94
f 577/948/50 576/947/50 593/1056/88 594/1055/88
f 576/976/7 561/975/7 610/1050/7 593/1049/7
f 1050/996/67 562/995/229 611/1016/238 1058/1015/86
f 562/978/8 577/977/8 594/1052/8 611/1051/8
f 642/1071/96 614/1072/96 615/1073/96 643/1074/96
f 644/1075/7 616/1076/7 614/1077/7 642/1078/7
f 643/1079/8 615/1080/8 617/1081/8 645/1082/8
f 638/1083/7 641/1084/7 635/1085/7 620/1086/7
f 636/1087/8 619/1088/8 621/1089/8 637/1090/8
f 645/1082/8 647/1091/8 630/1092/8 595/1022/8
f 639/1093/96 618/395/96 619/394/96 636/1094/96
f 638/1083/7 620/1086/7 618/1095/7 639/1096/7
f 833/1097/97 626/854/22 627/853/22 820/1098/97
f 620/1086/7 624/1099/7 622/1100/7 618/1095/7
f 619/1088/8 623/1101/8 625/1102/8 621/1089/8
f 1059/1103/98 1060/1104/98 624/1105/239 620/1106/239
f 839/1107/7 628/834/7 626/833/7 833/1108/7
f 820/1109/8 627/836/8 629/835/8 826/1110/8
f 867/1111/8 692/1112/8 694/1113/8 868/1114/8
f 1031/873/23 1042/979/51 545/1115/54 529/1116/24
f 511/890/7 529/889/7 545/952/7 563/951/7
f 530/892/8 512/891/8 565/928/8 546/953/8
f 512/891/8 662/1117/8 664/925/8 565/928/8
f 1065/1118/102 1062/1119/105 633/1120/240 646/1121/241
f 1064/1122/106 1063/1123/109 635/1124/242 641/1125/243
f 1066/1126/110 1061/1127/110 631/1128/244 613/1129/244
f 1059/1130/112 1063/1131/112 634/1132/245 621/1133/245
f 644/1075/7 646/1134/7 633/1135/7 616/1076/7
f 637/1090/8 640/1136/8 632/1137/8 617/1081/8
f 621/1089/8 634/1138/8 640/1136/8 637/1090/8
f 1062/1119/114 1064/1122/106 641/1125/243 633/1120/246
f 616/1076/7 638/1083/7 639/1096/7 614/1077/7
f 614/1072/96 639/1093/96 636/1094/96 615/1073/96
f 615/1080/8 636/1087/8 637/1090/8 617/1081/8
f 616/1076/7 633/1135/7 641/1084/7 638/1083/7
f 613/1019/7 631/1139/7 646/1134/7 644/1075/7
f 1061/1140/116 1065/1118/102 646/1121/241 631/1141/247
f 617/1081/8 632/1137/8 647/1091/8 645/1082/8
f 612/1021/8 643/1079/8 645/1082/8 595/1022/8
f 613/1019/7 644/1075/7 642/1078/7 578/1020/7
f 578/1069/95 642/1071/96 643/1074/96 612/1070/95
f 868/1114/8 694/1113/8 700/1142/8 869/1143/8
f 469/837/13 648/1144/118 649/1145/118 470/838/13
f 470/805/8 649/1146/8 651/935/8 486/806/8
f 679/1147/7 650/941/7 485/803/7 681/1148/7
f 485/803/7 650/941/7 648/940/7 469/804/7
f 679/1147/7 677/960/7 568/942/7 650/941/7
f 571/1149/119 649/1145/119 648/1144/119 570/76/119
f 569/936/8 651/935/8 649/1146/8 571/965/8
f 1030/1150/120 527/399/248 509/398/248 1041/1151/120
f 1067/1152/122 655/1153/249 654/1154/250 1068/1155/123
f 1068/1155/123 654/1154/250 657/1156/251 1069/1157/126
f 1041/1151/128 1069/1158/128 657/1159/252 510/1160/252
f 1039/918/41 1075/1161/131 659/1162/253 507/919/219
f 525/909/7 653/1163/7 656/1164/7 509/913/7
f 523/905/7 652/860/7 653/1163/7 525/909/7
f 521/870/7 658/859/7 652/860/7 523/905/7
f 663/1165/7 666/1166/7 665/1167/7 661/916/7
f 563/951/7 663/1165/7 661/916/7 511/890/7
f 504/856/7 661/916/7 665/1167/7 506/857/7
f 507/862/8 659/1168/8 662/1117/8 501/863/8
f 662/1117/8 659/1168/8 667/933/8 664/925/8
f 502/864/8 516/898/8 518/867/8 660/866/8
f 501/863/8 514/894/8 516/898/8 502/864/8
f 512/891/8 514/894/8 501/863/8 662/1117/8
f 1070/929/43 667/932/221 659/1162/253 1075/1161/131
f 663/1165/7 669/1169/7 671/1170/7 666/1166/7
f 563/951/7 564/950/7 669/1169/7 663/1165/7
f 1071/930/46 1072/1171/133 676/1172/254 672/931/220
f 670/926/8 674/1173/8 567/957/8 668/927/8
f 672/934/8 676/1174/8 674/1173/8 670/926/8
f 669/1169/7 673/1175/7 675/1176/7 671/1170/7
f 564/950/7 566/956/7 673/1175/7 669/1169/7
f 1072/1171/133 1073/1177/135 682/1178/137 676/1172/254
f 674/1173/8 680/938/8 678/937/8 567/957/8
f 676/1174/8 682/1179/8 680/938/8 674/1173/8
f 673/1175/7 679/1147/7 681/1148/7 675/1176/7
f 566/956/7 677/960/7 679/1147/7 673/1175/7
f 486/806/8 651/935/8 680/938/8 682/1179/8
f 1027/771/1 1073/1177/135 681/1180/134 485/1181/2
f 899/1182/7 717/1183/7 711/1184/7 900/1185/7
f 908/1186/8 706/1187/8 708/1188/8 907/1189/8
f 1111/1190/138 1076/1191/141 701/1192/255 905/1193/256
f 914/1194/8 738/1195/8 716/1196/8 903/1197/8
f 902/1198/7 707/1199/7 705/1200/7 895/1201/7
f 896/1202/8 710/1203/8 712/1204/8 897/1205/8
f 926/1206/7 857/1207/7 717/1183/7 899/1182/7
f 900/1185/7 711/1184/7 709/1208/7 901/1209/7
f 877/1210/7 685/1211/7 684/1212/7 871/1213/7
f 874/1214/7 696/1215/7 697/1216/7 863/1217/7
f 870/1218/8 683/1219/8 686/1220/8 878/1221/8
f 879/1222/7 691/1223/7 689/798/7 865/797/7
f 876/780/8 698/779/8 695/1224/8 875/1225/8
f 872/788/8 690/787/8 692/1112/8 867/1111/8
f 866/800/7 687/799/7 685/1211/7 877/1210/7
f 878/1221/8 686/1220/8 688/786/8 873/785/8
f 864/796/7 699/795/7 693/1226/7 880/1227/7
f 880/1227/7 693/1226/7 691/1223/7 879/1222/7
f 751/1228/8 726/1229/8 728/1230/8 750/1231/8
f 748/1232/7 729/1233/7 727/1234/7 749/1235/7
f 1088/1236/142 1083/1237/145 729/305/257 748/1238/191
f 775/1239/7 777/1240/7 711/1184/7 717/1183/7
f 777/1240/7 779/1241/7 709/1208/7 711/1184/7
f 707/1199/7 709/1208/7 779/1241/7 781/1242/7
f 852/1243/8 853/1244/8 768/1245/8 766/1246/8
f 742/1247/8 741/1248/8 740/1249/8 722/1250/8
f 909/1251/7 703/1252/7 702/1253/7 906/1254/7
f 695/1224/8 929/1255/8 932/1256/8 875/1225/8
f 897/1205/8 712/1204/8 718/1257/8 904/1258/8
f 905/1259/8 701/1260/8 704/1261/8 912/1262/8
f 910/781/7 714/784/7 715/1263/7 898/1264/7
f 901/1209/7 709/1208/7 707/1199/7 902/1198/7
f 903/1197/8 716/1196/8 713/1265/8 911/1266/8
f 907/1189/8 708/1188/8 710/1203/8 896/1202/8
f 895/1201/7 705/1200/7 703/1252/7 909/1251/7
f 912/1262/8 704/1261/8 706/1187/8 908/1186/8
f 1078/1267/149 1079/1268/149 721/1269/149 720/531/149
f 744/1270/7 720/1271/7 721/1272/7 743/1273/7
f 742/1247/8 722/1250/8 719/1274/8 745/1275/8
f 1086/1276/147 1078/1277/147 720/1278/258 744/1279/258
f 1080/1280/146 1081/1281/146 726/1282/146 723/1283/146
f 1081/1281/146 1082/1284/146 728/1285/146 726/1282/146
f 1082/1284/146 1083/1286/146 730/1287/146 728/1285/146
f 753/1288/7 725/1289/7 724/1290/7 752/1291/7
f 750/1231/8 728/1230/8 730/1292/8 747/1293/8
f 749/1235/7 727/1234/7 725/1289/7 753/1288/7
f 754/1294/8 723/1290/8 726/1229/8 751/1228/8
f 1087/1295/150 1080/1296/153 723/1297/259 754/1298/260
f 801/1299/7 761/1300/7 737/1301/7 715/1263/7
f 898/1264/7 715/1263/7 737/1301/7 913/1302/7
f 920/1303/8 851/1304/8 738/1195/8 914/1194/8
f 619/1088/8 731/1305/8 734/1306/8 623/1101/8
f 622/1100/7 733/1307/7 732/1308/7 618/1095/7
f 618/1309/97 732/1310/97 731/1311/97 619/1312/97
f 863/1217/7 697/1216/7 735/1313/7 881/1314/7
f 888/1315/8 827/1316/8 736/778/8 882/777/8
f 1085/1317/154 746/1318/162 739/1319/261 1084/1320/155
f 1079/1268/146 722/574/146 740/573/146 1084/1321/146
f 799/1322/8 760/1323/8 756/1324/8 787/1325/8
f 721/1272/7 739/1326/7 746/1327/7 743/1273/7
f 1103/1328/147 1086/1276/147 744/1279/258 757/1329/258
f 787/1325/8 742/1247/8 745/1275/8 788/1330/8
f 757/1331/7 744/1270/7 743/1273/7 758/1332/7
f 787/1325/8 756/1324/8 741/1248/8 742/1247/8
f 1104/1333/158 1087/1295/150 754/1298/260 791/1334/262
f 791/1335/8 754/1294/8 751/1228/8 789/1336/8
f 793/1337/7 749/1235/7 753/1288/7 790/1338/7
f 794/1339/8 750/1231/8 747/1293/8 786/1340/8
f 790/1338/7 753/1288/7 752/1291/7 795/1341/7
f 785/1342/7 748/1232/7 749/1235/7 793/1337/7
f 789/1336/8 751/1228/8 750/1231/8 794/1339/8
f 1085/1317/154 741/1343/157 756/1344/263 1109/1345/160
f 1109/1345/160 756/1344/263 760/1346/264 1089/1347/163
f 1089/1347/163 760/1346/264 762/1348/265 1090/1349/165
f 1090/1349/165 762/1348/265 764/1350/266 1091/569/167
f 1091/603/167 764/1351/266 766/1352/267 1092/1353/169
f 1092/1353/169 766/1352/267 768/1354/268 1093/1355/171
f 1093/1355/171 768/1354/268 770/1356/269 1094/1357/173
f 1094/1357/173 770/1356/269 772/1358/270 1095/1359/175
f 1095/1359/175 772/1358/270 774/1360/271 1096/1361/177
f 1096/1361/177 774/1360/271 776/1362/272 1097/1363/179
f 1097/1363/179 776/1362/272 778/1364/273 1098/1365/181
f 1098/1365/181 778/1364/273 780/181/274 1099/1366/183
f 1099/1367/183 780/1368/274 782/1369/275 1100/1370/185
f 1100/1370/185 782/1369/275 784/1371/276 1101/1372/187
f 1101/1372/187 784/1371/276 786/1373/277 1102/1374/189
f 1102/1374/189 786/1373/277 747/1375/143 1088/1236/142
f 796/1376/7 757/1331/7 758/1332/7 792/1377/7
f 799/1322/8 787/1325/8 788/1330/8 800/1378/8
f 1105/1379/147 1103/1328/147 757/1329/258 796/1380/258
f 743/1273/7 746/1327/7 755/1381/7 758/1332/7
f 804/1382/8 789/1336/8 794/1339/8 807/1383/8
f 783/1384/7 785/1342/7 793/1337/7 797/1385/7
f 798/1386/7 790/1338/7 795/1341/7 808/1387/7
f 807/1383/8 794/1339/8 786/1340/8 784/1388/8
f 797/1385/7 793/1337/7 790/1338/7 798/1386/7
f 803/1389/8 791/1335/8 789/1336/8 804/1382/8
f 1107/1390/192 1104/1333/158 791/1334/262 803/1391/278
f 1106/1392/147 1105/1379/147 796/1380/258 802/1393/258
f 805/1394/8 799/1322/8 800/1378/8 806/1395/8
f 802/1396/7 796/1376/7 792/1377/7 801/1299/7
f 805/1394/8 762/1397/8 760/1323/8 799/1322/8
f 758/1332/7 755/1381/7 759/1398/7 792/1377/7
f 716/1196/8 738/1195/8 762/1397/8 805/1394/8
f 714/784/7 802/1396/7 801/1299/7 715/1263/7
f 716/1196/8 805/1394/8 806/1395/8 713/1265/8
f 1077/529/147 1106/1392/147 802/1393/258 714/1399/258
f 792/1377/7 759/1398/7 761/1300/7 801/1299/7
f 1108/1400/192 1107/1390/192 803/1391/278 813/1401/278
f 813/1402/8 803/1389/8 804/1382/8 811/1403/8
f 815/1404/7 797/1385/7 798/1386/7 812/1405/7
f 814/1406/8 807/1383/8 784/1388/8 782/1407/8
f 812/1405/7 798/1386/7 808/1387/7 817/1408/7
f 781/1242/7 783/1384/7 797/1385/7 815/1404/7
f 811/1403/8 804/1382/8 807/1383/8 814/1406/8
f 704/1261/8 811/1403/8 814/1406/8 706/1187/8
f 707/1199/7 781/1242/7 815/1404/7 705/1200/7
f 703/1252/7 812/1405/7 817/1408/7 702/1253/7
f 706/1187/8 814/1406/8 782/1407/8 708/1188/8
f 705/1200/7 815/1404/7 812/1405/7 703/1252/7
f 701/1260/8 813/1402/8 811/1403/8 704/1261/8
f 1076/1191/141 1108/1400/192 813/1401/278 701/1192/255
f 869/1143/8 700/1142/8 832/1409/8 883/1410/8
f 883/1410/8 832/1409/8 831/1411/8 884/1412/8
f 884/1412/8 831/1411/8 830/1413/8 885/1414/8
f 885/1414/8 830/1413/8 829/1415/8 886/1416/8
f 886/1416/8 829/1415/8 828/1417/8 887/1418/8
f 887/1418/8 828/1417/8 827/1316/8 888/1315/8
f 904/1258/8 718/1257/8 856/1419/8 915/1420/8
f 915/1420/8 856/1419/8 855/1421/8 916/1422/8
f 916/1422/8 855/1421/8 854/1423/8 917/1424/8
f 917/1424/8 854/1423/8 853/1244/8 918/1425/8
f 918/1425/8 853/1244/8 852/1243/8 919/1426/8
f 919/1426/8 852/1243/8 851/1304/8 920/1303/8
f 770/1427/8 768/1245/8 853/1244/8 854/1423/8
f 772/1428/8 770/1427/8 854/1423/8 855/1421/8
f 774/1429/8 772/1428/8 855/1421/8 856/1419/8
f 856/1419/8 718/1257/8 776/1430/8 774/1429/8
f 718/1257/8 712/1204/8 778/1431/8 776/1430/8
f 712/1204/8 710/1203/8 780/1432/8 778/1431/8
f 913/1302/7 737/1301/7 862/1433/7 921/1434/7
f 921/1434/7 862/1433/7 861/1435/7 922/1436/7
f 922/1436/7 861/1435/7 860/1437/7 923/1438/7
f 923/1438/7 860/1437/7 859/1439/7 924/1440/7
f 924/1440/7 859/1439/7 858/1441/7 925/1442/7
f 925/1442/7 858/1441/7 857/1207/7 926/1206/7
f 731/1305/8 818/1443/8 821/1444/8 734/1306/8
f 818/1443/8 810/1445/8 822/1446/8 821/1444/8
f 810/1445/8 816/1447/8 823/1448/8 822/1446/8
f 816/1447/8 809/1449/8 824/1450/8 823/1448/8
f 809/1449/8 819/1451/8 825/1452/8 824/1450/8
f 819/1451/8 820/1109/8 826/1110/8 825/1452/8
f 733/1307/7 844/1453/7 838/1454/7 732/1308/7
f 844/1453/7 843/1455/7 837/1456/7 838/1454/7
f 843/1455/7 842/1457/7 836/1458/7 837/1456/7
f 842/1457/7 841/1459/7 835/1460/7 836/1458/7
f 841/1459/7 840/1461/7 834/1462/7 835/1460/7
f 840/1461/7 839/1107/7 833/1108/7 834/1462/7
f 732/1310/97 838/1463/97 818/1464/97 731/1311/97
f 838/1463/97 837/1465/97 810/1466/97 818/1464/97
f 837/1465/97 836/1467/97 816/1468/97 810/1466/97
f 836/1467/97 835/1469/97 809/1470/97 816/1468/97
f 835/1469/97 834/1471/97 819/1472/97 809/1470/97
f 834/1471/97 833/1097/97 820/1098/97 819/1472/97
f 881/1314/7 735/1313/7 850/1473/7 889/1474/7
f 889/1474/7 850/1473/7 849/1475/7 890/1476/7
f 890/1476/7 849/1475/7 848/1477/7 891/1478/7
f 891/1478/7 848/1477/7 847/1479/7 892/1480/7
f 892/1480/7 847/1479/7 846/1481/7 893/1482/7
f 893/1482/7 846/1481/7 845/794/7 894/793/7
f 761/1300/7 763/1483/7 862/1433/7 737/1301/7
f 763/1483/7 765/1484/7 861/1435/7 862/1433/7
f 765/1484/7 767/1485/7 860/1437/7 861/1435/7
f 767/1485/7 769/1486/7 859/1439/7 860/1437/7
f 769/1486/7 771/1487/7 858/1441/7 859/1439/7
f 773/1488/7 857/1207/7 858/1441/7 771/1487/7
f 717/1183/7 857/1207/7 773/1488/7 775/1239/7
f 710/1203/8 708/1188/8 782/1407/8 780/1432/8
f 851/1304/8 852/1243/8 766/1246/8 764/1489/8
f 764/1489/8 762/1397/8 738/1195/8 851/1304/8
f 840/1461/7 893/1482/7 894/793/7 839/1107/7
f 841/1459/7 892/1480/7 893/1482/7 840/1461/7
f 842/1457/7 891/1478/7 892/1480/7 841/1459/7
f 843/1455/7 890/1476/7 891/1478/7 842/1457/7
f 844/1453/7 889/1474/7 890/1476/7 843/1455/7
f 733/1307/7 881/1314/7 889/1474/7 844/1453/7
f 822/1446/8 887/1418/8 888/1315/8 821/1444/8
f 823/1448/8 886/1416/8 887/1418/8 822/1446/8
f 824/1450/8 885/1414/8 886/1416/8 823/1448/8
f 825/1452/8 884/1412/8 885/1414/8 824/1450/8
f 826/1110/8 883/1410/8 884/1412/8 825/1452/8
f 629/835/8 869/1143/8 883/1410/8 826/1110/8
f 821/1444/8 888/1315/8 882/777/8 734/1306/8
f 622/1100/7 863/1217/7 881/1314/7 733/1307/7
f 499/830/7 880/1227/7 879/1222/7 497/826/7
f 628/834/7 864/796/7 880/1227/7 499/830/7
f 492/815/8 878/1221/8 873/785/8 494/819/8
f 493/818/7 866/800/7 877/1210/7 491/814/7
f 496/823/8 872/788/8 867/1111/8 498/827/8
f 623/1101/8 876/780/8 875/1225/8 625/1102/8
f 497/826/7 879/1222/7 865/797/7 495/822/7
f 490/811/8 870/1218/8 878/1221/8 492/815/8
f 624/1099/7 874/1214/7 863/1217/7 622/1100/7
f 491/814/7 877/1210/7 871/1213/7 489/810/7
f 500/831/8 868/1114/8 869/1143/8 629/835/8
f 498/827/8 867/1111/8 868/1114/8 500/831/8
f 495/822/7 865/797/7 866/800/7 493/818/7
f 839/1107/7 894/793/7 864/796/7 628/834/7
f 1029/775/6 1110/789/9 870/792/210 490/776/208
f 494/819/8 873/785/8 872/788/8 496/823/8
f 875/1225/8 932/1256/8 927/1490/8 625/1102/8
f 734/1306/8 882/777/8 876/780/8 623/1101/8
f 846/1481/7 925/1442/7 926/1206/7 845/794/7
f 847/1479/7 924/1440/7 925/1442/7 846/1481/7
f 848/1477/7 923/1438/7 924/1440/7 847/1479/7
f 849/1475/7 922/1436/7 923/1438/7 848/1477/7
f 850/1473/7 921/1434/7 922/1436/7 849/1475/7
f 735/1313/7 913/1302/7 921/1434/7 850/1473/7
f 828/1417/8 919/1426/8 920/1303/8 827/1316/8
f 829/1415/8 918/1425/8 919/1426/8 828/1417/8
f 830/1413/8 917/1424/8 918/1425/8 829/1415/8
f 831/1411/8 916/1422/8 917/1424/8 830/1413/8
f 832/1409/8 915/1420/8 916/1422/8 831/1411/8
f 700/1142/8 904/1258/8 915/1420/8 832/1409/8
f 827/1316/8 920/1303/8 914/1194/8 736/778/8
f 697/1216/7 898/1264/7 913/1302/7 735/1313/7
f 686/1220/8 912/1262/8 908/1186/8 688/786/8
f 687/799/7 895/1201/7 909/1251/7 685/1211/7
f 690/787/8 907/1189/8 896/1202/8 692/1112/8
f 698/779/8 903/1197/8 911/1266/8 695/1224/8
f 691/1223/7 901/1209/7 902/1198/7 689/798/7
f 696/1215/7 910/781/7 898/1264/7 697/1216/7
f 683/1219/8 905/1259/8 912/1262/8 686/1220/8
f 694/1113/8 897/1205/8 904/1258/8 700/1142/8
f 713/1265/8 933/1491/8 936/1492/8 911/1266/8
f 685/1211/7 909/1251/7 906/1254/7 684/1212/7
f 693/1226/7 900/1185/7 901/1209/7 691/1223/7
f 845/794/7 926/1206/7 899/1182/7 699/795/7
f 692/1112/8 896/1202/8 897/1205/8 694/1113/8
f 689/798/7 902/1198/7 895/1201/7 687/799/7
f 736/778/8 914/1194/8 903/1197/8 698/779/8
f 1074/790/12 1111/1190/138 905/1193/256 683/791/209
f 688/786/8 908/1186/8 907/1189/8 690/787/8
f 699/795/7 899/1182/7 900/1185/7 693/1226/7
f 1115/1493/194 1113/1494/197 930/1495/279 931/1496/280
f 1116/1497/198 1114/1498/201 934/1499/281 935/1500/282
f 1112/1501/202 1115/1493/194 931/1496/280 928/1502/283
f 1113/1494/197 1116/1497/198 935/1500/282 930/1495/279
f 911/1266/8 936/1492/8 929/1255/8 695/1224/8
f 1060/1503/97 1112/1504/97 928/1505/284 624/1506/284
f 1077/1507/205 1114/1508/205 933/1509/285 713/1510/285
f 624/1099/7 928/1511/7 931/1512/7 874/1214/7
f 696/1215/7 930/1513/7 935/782/7 910/781/7
f 874/1214/7 931/1512/7 930/1513/7 696/1215/7
f 246/1509/285 987/764/205 1024/767/205 466/1510/285
f 157/1514/284 970/760/97 1022/763/97 459/1515/284
f 461/1516/279 1023/753/197 1026/754/198 468/1517/282
f 459/846/283 1022/758/202 1025/750/194 464/1518/280
f 468/1517/282 1026/754/198 1024/757/201 465/1502/281
f 464/1518/280 1025/750/194 1023/753/197 461/1516/279
f 216/1519/209 984/22/12 1021/438/138 438/1520/256
f 21/1521/208 939/6/6 1020/19/9 403/1522/210
f 234/1523/255 986/441/141 1018/657/192 349/1524/278
f 349/1524/278 1018/657/192 1017/646/192 340/1525/278
f 245/1061/258 987/655/147 1016/648/147 338/1526/258
f 338/1526/258 1016/648/147 1015/635/147 332/1527/258
f 340/1525/278 1017/646/192 1014/586/158 327/1528/262
f 332/1527/258 1015/635/147 1013/581/147 320/1529/258
f 317/1530/277 280/485/143 998/484/142 1012/629/189
f 315/1531/276 317/1530/277 1012/629/189 1011/627/187
f 313/1532/275 315/1531/276 1011/627/187 1010/624/185
f 311/1533/274 313/1532/275 1010/624/185 1009/623/183
f 309/1534/273 311/1535/274 1009/621/183 1008/619/181
f 307/1536/272 309/1534/273 1008/619/181 1007/617/179
f 305/1537/271 307/1536/272 1007/617/179 1006/615/177
f 303/1538/270 305/1537/271 1006/615/177 1005/613/175
f 301/1539/269 303/1538/270 1005/613/175 1004/611/173
f 299/1540/268 301/1539/269 1004/611/173 1003/609/171
f 297/1541/267 299/1540/268 1003/609/171 1002/606/169
f 295/1542/266 297/1541/267 1002/606/169 1001/605/167
f 293/1543/286 295/1544/266 1001/603/167 1000/601/165
f 291/1545/287 293/1543/286 1000/601/165 999/599/163
f 287/1546/263 291/1545/287 999/599/163 1019/596/160
f 278/571/157 287/1546/263 1019/596/160 995/568/154
f 327/1528/262 1014/586/158 997/546/150 284/1547/260
f 320/1529/258 1013/581/147 996/526/147 277/1548/258
f 253/518/146 271/1549/146 994/572/146 989/519/146
f 273/598/162 272/1550/261 994/569/155 995/568/154
f 284/1547/260 997/546/150 990/549/153 256/922/259
f 259/1551/146 992/535/146 993/537/146 261/1552/146
f 257/1553/146 991/533/146 992/535/146 259/1551/146
f 256/1554/146 990/530/146 991/533/146 257/1553/146
f 277/1548/258 996/526/147 988/529/147 251/1399/258
f 251/1555/149 988/516/149 989/519/149 254/574/149
f 279/631/191 998/484/142 993/487/145 262/1556/257
f 438/1520/256 1021/438/138 986/441/141 234/1523/255
f 18/2/2 937/1/1 983/426/135 214/425/134
f 207/1557/254 982/420/133 983/426/135 213/429/137
f 203/1558/220 981/170/46 982/420/133 207/1557/254
f 198/1559/221 197/1560/253 985/410/131 980/167/43
f 38/1561/219 949/159/41 985/410/131 197/1560/253
f 41/398/252 951/397/128 979/408/128 188/1562/252
f 185/1563/250 188/1564/251 979/404/126 978/401/123
f 184/1565/249 185/1563/250 978/401/123 977/400/122
f 60/1566/248 42/406/248 951/397/120 940/396/120
f 162/1567/247 971/385/116 975/363/102 179/1568/241
f 164/1569/246 972/366/114 974/367/106 172/1570/243
f 152/1132/245 969/375/112 973/378/112 167/1571/245
f 127/1572/244 976/371/110 971/374/110 162/1506/244
f 172/1570/243 974/367/106 973/370/109 166/1573/242
f 179/1568/241 975/363/102 972/366/105 164/1569/240
f 62/106/24 941/105/23 952/218/51 78/221/54
f 153/1574/239 969/348/98 970/351/98 157/1575/239
f 93/1576/229 142/1577/238 968/257/86 960/236/67
f 140/1578/237 967/255/84 968/257/86 142/1577/238
f 138/1579/236 966/253/82 967/255/84 140/1578/237
f 136/1580/235 965/251/80 966/253/82 138/1579/236
f 134/988/234 964/248/78 965/251/80 136/1580/235
f 132/1581/233 963/245/76 964/247/78 134/1582/234
f 130/1583/232 962/243/74 963/245/76 132/1581/233
f 128/1584/230 961/241/72 962/243/74 130/1583/232
f 145/1585/231 976/238/69 961/241/72 128/1584/230
f 91/1586/228 93/1576/229 960/236/67 959/234/65
f 89/1587/227 91/1586/228 959/234/65 958/232/63
f 87/1588/226 89/1587/227 958/232/63 957/229/61
f 85/1589/225 87/1588/226 957/229/61 956/228/59
f 83/1590/224 85/1591/225 956/226/59 955/224/57
f 81/1592/223 83/1590/224 955/224/57 954/222/55
f 79/1593/222 81/1592/223 954/222/55 953/219/52
f 77/361/101 79/1593/222 953/219/52 952/218/51
f 198/1559/221 980/167/43 981/170/46 203/1558/220
f 184/1594/219 977/160/41 950/156/41 37/1595/219
f 37/1595/219 950/156/41 949/159/41 38/1561/219
f 75/1596/217 948/122/38 940/124/40 59/1499/218
f 73/1597/216 947/120/36 948/122/38 75/1596/217
f 71/1598/215 946/118/34 947/120/36 73/1597/216
f 69/1599/214 945/115/32 946/118/34 71/1598/215
f 67/1600/213 944/112/30 945/114/32 69/1601/214
f 65/1602/212 943/110/28 944/112/30 67/1600/213
f 63/1603/211 942/108/26 943/110/28 65/1602/212
f 61/360/100 941/105/23 942/108/26 63/1603/211
f 403/1522/210 1020/19/9 984/22/12 216/1519/209
f 19/1604/207 938/4/4 939/6/6 21/1521/208
f 17/428/136 937/1/1 938/4/4 19/1604/207
f 714/1605/206 934/761/206 1114/1508/205 1077/1507/205
f 625/1606/204 927/1607/204 1112/1504/97 1060/1503/97
f 929/1608/196 936/1609/199 1116/1497/198 1113/1494/197
f 927/1610/203 932/1611/195 1115/1493/194 1112/1501/202
f 936/1609/199 933/1612/200 1114/1498/201 1116/1497/198
f 932/1611/195 929/1608/196 1113/1494/197 1115/1493/194
f 684/1613/11 906/1614/139 1111/1190/138 1074/790/12
f 489/1615/5 871/1616/10 1110/789/9 1029/775/6
f 702/1617/140 817/1618/193 1108/1400/192 1076/1191/141
f 817/1618/193 808/1619/193 1107/1390/192 1108/1400/192
f 713/528/148 806/1620/148 1106/1392/147 1077/529/147
f 806/1620/148 800/1621/148 1105/1379/147 1106/1392/147
f 808/1619/193 795/1622/159 1104/1333/158 1107/1390/192
f 800/1621/148 788/1623/148 1103/1328/147 1105/1379/147
f 785/1624/190 1102/1374/189 1088/1236/142 748/1238/191
f 783/1625/188 1101/1372/187 1102/1374/189 785/1624/190
f 781/1626/186 1100/1370/185 1101/1372/187 783/1625/188
f 779/1627/184 1099/1367/183 1100/1370/185 781/1626/186
f 777/1628/182 1098/1365/181 1099/1366/183 779/1627/184
f 775/1629/180 1097/1363/179 1098/1365/181 777/1628/182
f 773/1630/178 1096/1361/177 1097/1363/179 775/1629/180
f 771/1631/176 1095/1359/175 1096/1361/177 773/1630/178
f 769/1632/288 1094/1357/173 1095/1359/175 771/1631/176
f 767/1633/172 1093/1355/171 1094/1357/173 769/1632/288
f 765/1634/170 1092/1353/169 1093/1355/171 767/1633/172
f 763/1635/168 1091/603/167 1092/1353/169 765/1634/170
f 761/1636/166 1090/1349/165 1091/569/167 763/1637/168
f 759/1638/289 1089/1347/163 1090/1349/165 761/1636/166
f 755/1639/161 1109/1345/160 1089/1347/163 759/1638/289
f 746/1318/162 1085/1317/154 1109/1345/160 755/1639/161
f 795/1622/159 752/1640/151 1087/1295/150 1104/1333/158
f 788/1623/148 745/1641/148 1086/1276/147 1103/1328/147
f 721/1269/149 1079/1268/149 1084/1321/149 739/1642/149
f 741/1343/157 1085/1317/154 1084/1320/155 740/1643/156
f 752/1640/151 724/1644/152 1080/1296/153 1087/1295/150
f 727/1645/149 729/1646/149 1083/1286/149 1082/1284/149
f 725/1647/149 727/1645/149 1082/1284/149 1081/1281/149
f 724/1648/149 725/1647/149 1081/1281/149 1080/1280/149
f 745/1641/148 719/1649/148 1078/1277/147 1086/1276/147
f 719/1555/146 722/574/146 1079/1268/146 1078/1267/146
f 747/1375/143 730/306/144 1083/1237/145 1088/1236/142
f 906/1614/139 702/1617/140 1076/1191/141 1111/1190/138
f 486/774/136 682/1178/137 1073/1177/135 1027/771/1
f 675/1650/132 681/1180/134 1073/1177/135 1072/1171/133
f 671/1651/45 675/1650/132 1072/1171/133 1071/930/46
f 666/1652/44 1070/929/43 1075/1161/131 665/1653/130
f 506/1654/42 665/1653/130 1075/1161/131 1039/918/41
f 509/398/129 656/1562/129 1069/1158/128 1041/1151/128
f 653/1563/124 1068/1155/123 1069/1157/126 656/1564/127
f 652/1565/125 1067/1152/122 1068/1155/123 653/1563/124
f 528/405/121 1030/1150/120 1041/1151/120 510/1160/121
f 630/1567/117 647/1568/103 1065/1118/102 1061/1140/116
f 632/1569/115 640/1570/107 1064/1122/106 1062/1119/114
f 620/1655/113 635/1656/113 1063/1131/112 1059/1130/112
f 595/1657/111 630/372/111 1061/1127/110 1066/1126/110
f 640/1570/107 634/1573/108 1063/1123/109 1064/1122/106
f 647/1568/103 632/1569/104 1062/1119/105 1065/1118/102
f 530/876/100 546/980/101 1042/979/51 1031/873/23
f 621/1658/99 625/1659/99 1060/1104/98 1059/1103/98
f 561/1660/68 1050/996/67 1058/1015/86 610/1661/85
f 608/1662/83 610/1661/85 1058/1015/86 1057/1013/84
f 606/1663/81 608/1662/83 1057/1013/84 1056/1011/82
f 604/1664/79 606/1663/81 1056/1011/82 1055/1008/80
f 602/1665/77 604/1664/79 1055/1008/80 1054/1007/78
f 600/1666/75 602/1667/77 1054/1005/78 1053/1003/76
f 598/1668/73 600/1666/75 1053/1003/76 1052/1001/74
f 596/1669/71 598/1668/73 1052/1001/74 1051/998/72
f 613/1670/70 596/1669/71 1051/998/72 1066/997/69
f 559/1671/66 1049/994/65 1050/996/67 561/1660/68
f 557/1672/64 1048/992/63 1049/994/65 559/1671/66
f 555/1673/62 1047/990/61 1048/992/63 557/1672/64
f 553/249/60 1046/248/59 1047/990/61 555/1673/62
f 551/1674/58 1045/986/57 1046/623/59 553/1675/60
f 549/1676/56 1044/984/55 1045/986/57 551/1674/58
f 547/1677/53 1043/982/52 1044/984/55 549/1676/56
f 545/1115/54 1042/979/51 1043/982/52 547/1677/53
f 666/1652/44 671/1651/45 1071/930/46 1070/929/43
f 652/548/42 505/1678/42 1040/917/41 1067/921/41
f 505/1678/42 506/1654/42 1039/918/41 1040/917/41
f 543/1679/37 527/1680/39 1030/886/40 1038/885/38
f 541/1681/35 543/1679/37 1038/885/38 1037/884/36
f 539/1682/33 541/1681/35 1037/884/36 1036/883/34
f 537/1683/31 539/1682/33 1036/883/34 1035/882/32
f 535/1684/29 537/1685/31 1035/226/32 1034/879/30
f 533/1686/27 535/1684/29 1034/879/30 1033/877/28
f 531/1687/25 533/1686/27 1033/877/28 1032/874/26
f 529/1116/24 531/1687/25 1032/874/26 1031/873/23
f 871/1616/10 684/1613/11 1074/790/12 1110/789/9
f 487/1688/3 489/1615/5 1029/775/6 1028/772/4
f 485/1181/2 487/1688/3 1028/772/4 1027/771/1
s 0
f 1147/1689/98 1153/1690/98 1124/1691/98 1118/1692/98
f 1161/1693/7 1167/1694/7 1154/1695/7 1146/1696/7
f 1187/1697/205 1215/1698/205 1201/1699/205 1173/1700/205
f 1166/1701/97 1138/1702/97 1125/1703/97 1152/1704/97
f 1119/1705/8 1126/1706/8 1140/1707/8 1132/1708/8
f 1133/1709/96 1139/1710/96 1168/1711/96 1160/1712/96
f 1203/1713/98 1209/1714/98 1180/1715/98 1174/1716/98
f 1217/1717/7 1223/1718/7 1210/1719/7 1202/1720/7
f 1243/1721/290 1271/1722/290 1257/1723/290 1229/1724/290
f 1222/1725/97 1194/1726/97 1181/1727/97 1208/1728/97
f 1175/1729/8 1182/1730/8 1196/1731/8 1188/1732/8
f 1189/1733/96 1195/1734/96 1224/1735/96 1216/1736/96
f 1259/1737/291 1265/1738/291 1236/1739/291 1230/1740/291
f 1273/1741/7 1279/1742/7 1266/1743/7 1258/1744/7
f 1299/1745/290 1327/1746/290 1313/1747/290 1285/1748/290
f 1278/1749/292 1250/1750/292 1237/1751/292 1264/1752/292
f 1231/1753/8 1238/1754/8 1252/1755/8 1244/1756/8
f 1245/1757/293 1251/1758/293 1280/1759/293 1272/1760/293
f 1315/1761/291 1321/1762/291 1292/1763/291 1286/1764/291
f 1329/1765/7 1335/1766/7 1322/1767/7 1314/1768/7
f 1334/1769/292 1306/1770/292 1293/1771/292 1320/1772/292
f 1287/1773/8 1294/1774/8 1308/1775/8 1300/1776/8
f 1301/1777/293 1307/1778/293 1336/1779/293 1328/1780/293
f 1117/1781/294 1120/1782/294 1121/1783/294 1123/1784/294
f 1118/1692/295 1122/1785/295 1121/1786/295 1120/1787/295
f 1119/1705/296 1123/1788/296 1121/1789/296 1122/1790/296
f 1124/1691/297 1127/1791/297 1128/1792/297 1130/1793/297
f 1125/1703/298 1129/1794/298 1128/1795/298 1127/1796/298
f 1126/1706/299 1130/1797/299 1128/1798/299 1129/1799/299
f 1131/1800/300 1134/1801/300 1135/1802/300 1137/1803/300
f 1132/1708/301 1136/1804/301 1135/1805/301 1134/1806/301
f 1133/1709/302 1137/1807/302 1135/1808/302 1136/1809/302
f 1138/1702/303 1141/1810/303 1142/1811/303 1144/1812/303
f 1139/1710/304 1143/1813/304 1142/1814/304 1141/1815/304
f 1140/1707/305 1144/1816/305 1142/1817/305 1143/1818/305
f 1145/1819/306 1148/1820/306 1149/1821/306 1151/1822/306
f 1146/1696/307 1150/1790/307 1149/1823/307 1148/1824/307
f 1147/1689/308 1151/1825/308 1149/1826/308 1150/1827/308
f 1152/1704/309 1155/1828/309 1156/1829/309 1158/1830/309
f 1153/1690/310 1157/1831/310 1156/1832/310 1155/1833/310
f 1154/1695/311 1158/1834/311 1156/1835/311 1157/1797/311
f 1159/1836/312 1162/1837/312 1163/1838/312 1165/1839/312
f 1160/1712/313 1164/1840/313 1163/1841/313 1162/1842/313
f 1161/1693/314 1165/1843/314 1163/1844/314 1164/1845/314
f 1166/1701/315 1169/1846/315 1170/1847/315 1172/1782/315
f 1167/1694/316 1171/1848/316 1170/1849/316 1169/1850/316
f 1168/1711/317 1172/1851/317 1170/1852/317 1171/1853/317
f 1173/1700/294 1176/1854/294 1177/1855/294 1179/1856/294
f 1174/1716/295 1178/1857/295 1177/1858/295 1176/1859/295
f 1175/1729/296 1179/1860/296 1177/1861/296 1178/1862/296
f 1180/1715/297 1183/1863/297 1184/1864/297 1186/1865/297
f 1181/1727/298 1185/1866/298 1184/1867/298 1183/1868/298
f 1182/1730/299 1186/1869/299 1184/1870/299 1185/1871/299
f 1187/1697/300 1190/1872/300 1191/1873/300 1193/1874/300
f 1188/1732/301 1192/1845/301 1191/1875/301 1190/1876/301
f 1189/1733/302 1193/1833/302 1191/1877/302 1192/1878/302
f 1194/1726/303 1197/1879/303 1198/1880/303 1200/1881/303
f 1195/1734/304 1199/1882/304 1198/1883/304 1197/1807/304
f 1196/1731/305 1200/1884/305 1198/1885/305 1199/1848/305
f 1201/1699/306 1204/1886/306 1205/1887/306 1207/1879/306
f 1202/1720/307 1206/1888/307 1205/1889/307 1204/1890/307
f 1203/1713/308 1207/1891/308 1205/1892/308 1206/1893/308
f 1208/1728/309 1211/1894/309 1212/1895/309 1214/1896/309
f 1209/1714/310 1213/1897/310 1212/1898/310 1211/1825/310
f 1210/1719/311 1214/1899/311 1212/1900/311 1213/1901/311
f 1215/1698/312 1218/1902/312 1219/1903/312 1221/1904/312
f 1216/1736/313 1220/1905/313 1219/1906/313 1218/1907/313
f 1217/1717/314 1221/1908/314 1219/1909/314 1220/1910/314
f 1222/1725/315 1225/1911/315 1226/1912/315 1228/1854/315
f 1223/1718/316 1227/1913/316 1226/1914/316 1225/1915/316
f 1224/1735/317 1228/1842/317 1226/1916/317 1227/1917/317
f 1229/1724/318 1232/1918/318 1233/1919/318 1235/1920/318
f 1230/1740/319 1234/1921/319 1233/1922/319 1232/1923/319
f 1231/1753/320 1235/1924/320 1233/1925/320 1234/1926/320
f 1236/1739/321 1239/1927/321 1240/1928/321 1242/1929/321
f 1237/1751/322 1241/1930/322 1240/1931/322 1239/1932/322
f 1238/1754/323 1242/1933/323 1240/1934/323 1241/1935/323
f 1243/1721/324 1246/1936/324 1247/1937/324 1249/1938/324
f 1244/1756/325 1248/1939/325 1247/1940/325 1246/1941/325
f 1245/1757/326 1249/1942/326 1247/1943/326 1248/1944/326
f 1250/1750/327 1253/1945/327 1254/1946/327 1256/1947/327
f 1251/1758/328 1255/1948/328 1254/1949/328 1253/1950/328
f 1252/1755/329 1256/1951/329 1254/1952/329 1255/1953/329
f 1257/1723/330 1260/1954/330 1261/1955/330 1263/1956/330
f 1258/1744/331 1262/1957/331 1261/1958/331 1260/1959/331
f 1259/1737/332 1263/1960/332 1261/1961/332 1262/1962/332
f 1264/1752/333 1267/1963/333 1268/1964/333 1270/1965/333
f 1265/1738/334 1269/1966/334 1268/1967/334 1267/1968/334
f 1266/1743/335 1270/1969/335 1268/1970/335 1269/1971/335
f 1271/1722/336 1274/1972/336 1275/1973/336 1277/1974/336
f 1272/1760/337 1276/1975/337 1275/1976/337 1274/1977/337
f 1273/1741/338 1277/1978/338 1275/1979/338 1276/1980/338
f 1278/1749/339 1281/1981/339 1282/1982/339 1284/1983/339
f 1279/1742/340 1283/1984/340 1282/1985/340 1281/1986/340
f 1280/1759/341 1284/1987/341 1282/1988/341 1283/1989/341
f 1285/1748/318 1288/1990/318 1289/1991/318 1291/1992/318
f 1286/1764/342 1290/1993/342 1289/1994/342 1288/1995/342
f 1287/1773/320 1291/1996/320 1289/1997/320 1290/1998/320
f 1292/1763/321 1295/1999/321 1296/2000/321 1298/2001/321
f 1293/1771/322 1297/2002/322 1296/2003/322 1295/2004/322
f 1294/1774/323 1298/2005/323 1296/2006/323 1297/2007/323
f 1299/1745/324 1302/2008/324 1303/2009/324 1305/1918/324
f 1300/1776/325 1304/2010/325 1303/2011/325 1302/2012/325
f 1301/1777/326 1305/2013/326 1303/2014/326 1304/2015/326
f 1306/1770/327 1309/2016/327 1310/2017/327 1312/2018/327
f 1307/1778/343 1311/2019/343 1310/2020/343 1309/2021/343
f 1308/1775/329 1312/2022/329 1310/2023/329 1311/2024/329
f 1313/1747/330 1316/2025/330 1317/2026/330 1319/2027/330
f 1314/1768/331 1318/2028/331 1317/2029/331 1316/2030/331
f 1315/1761/344 1319/2031/344 1317/2032/344 1318/2033/344
f 1320/1772/333 1323/1815/333 1324/2034/333 1326/2035/333
f 1321/1762/334 1325/2036/334 1324/2037/334 1323/2038/334
f 1322/1767/335 1326/2039/335 1324/2040/335 1325/2041/335
f 1327/1746/336 1330/1956/336 1331/2042/336 1333/2043/336
f 1328/1780/337 1332/2044/337 1331/2045/337 1330/2046/337
f 1329/1765/338 1333/2047/338 1331/2048/338 1332/2049/338
f 1334/1769/339 1337/2050/339 1338/2051/339 1340/2052/339
f 1335/1766/340 1339/2053/340 1338/2054/340 1337/2055/340
f 1336/1779/345 1340/2056/345 1338/2057/345 1339/2058/345
f 1131/1800/346 1117/1781/346 1123/1784/346 1134/1801/346
f 1134/1806/347 1123/1788/347 1119/1705/347 1132/1708/347
f 1118/1692/348 1124/1691/348 1130/1793/348 1122/1785/348
f 1122/1790/349 1130/1797/349 1126/1706/349 1119/1705/349
f 1125/1703/350 1138/1702/350 1144/1812/350 1129/1794/350
f 1129/1799/351 1144/1816/351 1140/1707/351 1126/1706/351
f 1139/1710/352 1133/1709/352 1136/1809/352 1143/1813/352
f 1143/1818/353 1136/1804/353 1132/1708/353 1140/1707/353
f 1159/1836/354 1131/1800/354 1137/1803/354 1162/1837/354
f 1162/1842/355 1137/1807/355 1133/1709/355 1160/1712/355
f 1138/1702/356 1166/1701/356 1172/1782/356 1141/1810/356
f 1141/1815/357 1172/1851/357 1168/1711/357 1139/1710/357
f 1167/1694/358 1161/1693/358 1164/1845/358 1171/1848/358
f 1171/1853/359 1164/1840/359 1160/1712/359 1168/1711/359
f 1145/1819/360 1159/1836/360 1165/1839/360 1148/1820/360
f 1148/1824/361 1165/1843/361 1161/1693/361 1146/1696/361
f 1166/1701/362 1152/1704/362 1158/1830/362 1169/1846/362
f 1169/1850/363 1158/1834/363 1154/1695/363 1167/1694/363
f 1153/1690/364 1147/1689/364 1150/1827/364 1157/1831/364
f 1157/1797/365 1150/1790/365 1146/1696/365 1154/1695/365
f 1117/1781/366 1145/1819/366 1151/1822/366 1120/1782/366
f 1120/1787/367 1151/1825/367 1147/1689/367 1118/1692/367
f 1152/1704/368 1125/1703/368 1127/1796/368 1155/1828/368
f 1155/1833/369 1127/1791/369 1124/1691/369 1153/1690/369
f 1187/1697/346 1173/1700/346 1179/1856/346 1190/1872/346
f 1190/1876/347 1179/1860/347 1175/1729/347 1188/1732/347
f 1174/1716/348 1180/1715/348 1186/1865/348 1178/1857/348
f 1178/1862/349 1186/1869/349 1182/1730/349 1175/1729/349
f 1181/1727/350 1194/1726/350 1200/1881/350 1185/1866/350
f 1185/1871/351 1200/1884/351 1196/1731/351 1182/1730/351
f 1195/1734/352 1189/1733/352 1192/1878/352 1199/1882/352
f 1199/1848/353 1192/1845/353 1188/1732/353 1196/1731/353
f 1215/1698/354 1187/1697/354 1193/1874/354 1218/1902/354
f 1218/1907/355 1193/1833/355 1189/1733/355 1216/1736/355
f 1194/1726/356 1222/1725/356 1228/1854/356 1197/1879/356
f 1197/1807/357 1228/1842/357 1224/1735/357 1195/1734/357
f 1223/1718/358 1217/1717/358 1220/1910/358 1227/1913/358
f 1227/1917/359 1220/1905/359 1216/1736/359 1224/1735/359
f 1201/1699/360 1215/1698/360 1221/1904/360 1204/1886/360
f 1204/1890/361 1221/1908/361 1217/1717/361 1202/1720/361
f 1222/1725/362 1208/1728/362 1214/1896/362 1225/1911/362
f 1225/1915/363 1214/1899/363 1210/1719/363 1223/1718/363
f 1209/1714/364 1203/1713/364 1206/1893/364 1213/1897/364
f 1213/1901/365 1206/1888/365 1202/1720/365 1210/1719/365
f 1173/1700/366 1201/1699/366 1207/1879/366 1176/1854/366
f 1176/1859/367 1207/1891/367 1203/1713/367 1174/1716/367
f 1208/1728/368 1181/1727/368 1183/1868/368 1211/1894/368
f 1211/1825/369 1183/1863/369 1180/1715/369 1209/1714/369
f 1243/1721/370 1229/1724/370 1235/1920/370 1246/1936/370
f 1246/1941/371 1235/1924/371 1231/1753/371 1244/1756/371
f 1230/1740/372 1236/1739/372 1242/1929/372 1234/1921/372
f 1234/1926/373 1242/1933/373 1238/1754/373 1231/1753/373
f 1237/1751/374 1250/1750/374 1256/1947/374 1241/1930/374
f 1241/1935/375 1256/1951/375 1252/1755/375 1238/1754/375
f 1251/1758/376 1245/1757/376 1248/1944/376 1255/1948/376
f 1255/1953/377 1248/1939/377 1244/1756/377 1252/1755/377
f 1271/1722/378 1243/1721/378 1249/1938/378 1274/1972/378
f 1274/1977/379 1249/1942/379 1245/1757/379 1272/1760/379
f 1250/1750/380 1278/1749/380 1284/1983/380 1253/1945/380
f 1253/1950/381 1284/1987/381 1280/1759/381 1251/1758/381
f 1279/1742/382 1273/1741/382 1276/1980/382 1283/1984/382
f 1283/1989/383 1276/1975/383 1272/1760/383 1280/1759/383
f 1257/1723/384 1271/1722/384 1277/1974/384 1260/1954/384
f 1260/1959/385 1277/1978/385 1273/1741/385 1258/1744/385
f 1278/1749/386 1264/1752/386 1270/1965/386 1281/1981/386
f 1281/1986/387 1270/1969/387 1266/1743/387 1279/1742/387
f 1265/1738/388 1259/1737/388 1262/1962/388 1269/1966/388
f 1269/1971/389 1262/1957/389 1258/1744/389 1266/1743/389
f 1229/1724/390 1257/1723/390 1263/1956/390 1232/1918/390
f 1232/1923/391 1263/1960/391 1259/1737/391 1230/1740/391
f 1264/1752/392 1237/1751/392 1239/1932/392 1267/1963/392
f 1267/1968/393 1239/1927/393 1236/1739/393 1265/1738/393
f 1299/1745/370 1285/1748/370 1291/1992/370 1302/2008/370
f 1302/2012/371 1291/1996/371 1287/1773/371 1300/1776/371
f 1286/1764/372 1292/1763/372 1298/2001/372 1290/1993/372
f 1290/1998/373 1298/2005/373 1294/1774/373 1287/1773/373
f 1293/1771/374 1306/1770/374 1312/2018/374 1297/2002/374
f 1297/2007/375 1312/2022/375 1308/1775/375 1294/1774/375
f 1307/1778/376 1301/1777/376 1304/2015/376 1311/2019/376
f 1311/2024/377 1304/2010/377 1300/1776/377 1308/1775/377
f 1327/1746/378 1299/1745/378 1305/1918/378 1330/1956/378
f 1330/2046/379 1305/2013/379 1301/1777/379 1328/1780/379
f 1306/1770/380 1334/1769/380 1340/2052/380 1309/2016/380
f 1309/2021/381 1340/2056/381 1336/1779/381 1307/1778/381
f 1335/1766/382 1329/1765/382 1332/2049/382 1339/2053/382
f 1339/2058/383 1332/2044/383 1328/1780/383 1336/1779/383
f 1313/1747/384 1327/1746/384 1333/2043/384 1316/2025/384
f 1316/2030/385 1333/2047/385 1329/1765/385 1314/1768/385
f 1334/1769/386 1320/1772/386 1326/2035/386 1337/2050/386
f 1337/2055/387 1326/2039/387 1322/1767/387 1335/1766/387
f 1321/1762/388 1315/1761/388 1318/2033/388 1325/2036/388
f 1325/2041/389 1318/2028/389 1314/1768/389 1322/1767/389
f 1285/1748/390 1313/1747/390 1319/2027/390 1288/1990/390
f 1288/1995/391 1319/2031/391 1315/1761/391 1286/1764/391
f 1320/1772/392 1293/1771/392 1295/2004/392 1323/1815/392
f 1323/2038/393 1295/1999/393 1292/1763/393 1321/1762/393
f 1131/1800/205 1159/1836/205 1145/1819/205 1117/1781/205
